timestamp,open,high,low,close,volume,mcap
2015-01-02 00:00:00+05:30,11052.57,11052.57,11052.57,11052.57,0,0
2015-01-05 00:00:00+05:30,11030.18,11030.18,11030.18,11030.18,0,0
2015-01-06 00:00:00+05:30,10699.62,10699.62,10699.62,10699.62,0,0
2015-01-07 00:00:00+05:30,10666.38,10666.38,10666.38,10666.38,0,0
2015-01-08 00:00:00+05:30,10840.84,10840.84,10840.84,10840.84,0,0
2015-01-09 00:00:00+05:30,10906.56,10906.56,10906.56,10906.56,0,0
2015-01-12 00:00:00+05:30,10957.22,10957.22,10957.22,10957.22,0,0
2015-01-13 00:00:00+05:30,10926.16,10926.16,10926.16,10926.16,0,0
2015-01-14 00:00:00+05:30,10897.36,10897.36,10897.36,10897.36,0,0
2015-01-15 00:00:00+05:30,11182.52,11182.52,11182.52,11182.52,0,0
2015-01-16 00:00:00+05:30,11208.42,11208.42,11208.42,11208.42,0,0
2015-01-19 00:00:00+05:30,11257.01,11257.01,11257.01,11257.01,0,0
2015-01-20 00:00:00+05:30,11447.77,11447.77,11447.77,11447.77,0,0
2015-01-21 00:00:00+05:30,11492.4,11492.4,11492.4,11492.4,0,0
2015-01-22 00:00:00+05:30,11535.32,11535.32,11535.32,11535.32,0,0
2015-01-23 00:00:00+05:30,11633.06,11633.06,11633.06,11633.06,0,0
2015-01-27 00:00:00+05:30,11732.39,11732.39,11732.39,11732.39,0,0
2015-01-28 00:00:00+05:30,11737.42,11737.42,11737.42,11737.42,0,0
2015-01-29 00:00:00+05:30,11787.53,11787.53,11787.53,11787.53,0,0
2015-01-30 00:00:00+05:30,11598.64,11598.64,11598.64,11598.64,0,0
2015-02-02 00:00:00+05:30,11583.49,11583.49,11583.49,11583.49,0,0
2015-02-03 00:00:00+05:30,11529.72,11529.72,11529.72,11529.72,0,0
2015-02-04 00:00:00+05:30,11487.57,11487.57,11487.57,11487.57,0,0
2015-02-05 00:00:00+05:30,11471.77,11471.77,11471.77,11471.77,0,0
2015-02-06 00:00:00+05:30,11405.06,11405.06,11405.06,11405.06,0,0
2015-02-09 00:00:00+05:30,11227.7,11227.7,11227.7,11227.7,0,0
2015-02-10 00:00:00+05:30,11279.29,11279.29,11279.29,11279.29,0,0
2015-02-11 00:00:00+05:30,11360.75,11360.75,11360.75,11360.75,0,0
2015-02-12 00:00:00+05:30,11471.52,11471.52,11471.52,11471.52,0,0
2015-02-13 00:00:00+05:30,11595.25,11595.25,11595.25,11595.25,0,0
2015-02-16 00:00:00+05:30,11600.46,11600.46,11600.46,11600.46,0,0
2015-02-18 00:00:00+05:30,11680.18,11680.18,11680.18,11680.18,0,0
2015-02-19 00:00:00+05:30,11714.65,11714.65,11714.65,11714.65,0,0
2015-02-20 00:00:00+05:30,11633.41,11633.41,11633.41,11633.41,0,0
2015-02-23 00:00:00+05:30,11529.79,11529.79,11529.79,11529.79,0,0
2015-02-24 00:00:00+05:30,11539.22,11539.22,11539.22,11539.22,0,0
2015-02-25 00:00:00+05:30,11546.02,11546.02,11546.02,11546.02,0,0
2015-02-26 00:00:00+05:30,11436.2,11436.2,11436.2,11436.2,0,0
2015-02-27 00:00:00+05:30,11647.9,11647.9,11647.9,11647.9,0,0
2015-02-28 00:00:00+05:30,11723.28,11723.28,11723.28,11723.28,0,0
2015-03-02 00:00:00+05:30,11796.73,11796.73,11796.73,11796.73,0,0
2015-03-03 00:00:00+05:30,11856.58,11856.58,11856.58,11856.58,0,0
2015-03-04 00:00:00+05:30,11759.58,11759.58,11759.58,11759.58,0,0
2015-03-05 00:00:00+05:30,11779.43,11779.43,11779.43,11779.43,0,0
2015-03-09 00:00:00+05:30,11541.34,11541.34,11541.34,11541.34,0,0
2015-03-10 00:00:00+05:30,11482.4,11482.4,11482.4,11482.4,0,0
2015-03-11 00:00:00+05:30,11466.5,11466.5,11466.5,11466.5,0,0
2015-03-12 00:00:00+05:30,11567.25,11567.25,11567.25,11567.25,0,0
2015-03-13 00:00:00+05:30,11398.21,11398.21,11398.21,11398.21,0,0
2015-03-16 00:00:00+05:30,11378.97,11378.97,11378.97,11378.97,0,0
2015-03-17 00:00:00+05:30,11497.78,11497.78,11497.78,11497.78,0,0
2015-03-18 00:00:00+05:30,11448.46,11448.46,11448.46,11448.46,0,0
2015-03-19 00:00:00+05:30,11380.91,11380.91,11380.91,11380.91,0,0
2015-03-20 00:00:00+05:30,11304.37,11304.37,11304.37,11304.37,0,0
2015-03-23 00:00:00+05:30,11277.98,11277.98,11277.98,11277.98,0,0
2015-03-24 00:00:00+05:30,11269.62,11269.62,11269.62,11269.62,0,0
2015-03-25 00:00:00+05:30,11254.51,11254.51,11254.51,11254.51,0,0
2015-03-26 00:00:00+05:30,11005.59,11005.59,11005.59,11005.59,0,0
2015-03-27 00:00:00+05:30,11004.63,11004.63,11004.63,11004.63,0,0
2015-03-30 00:00:00+05:30,11203.71,11203.71,11203.71,11203.71,0,0
2015-03-31 00:00:00+05:30,11201.99,11201.99,11201.99,11201.99,0,0
2015-04-01 00:00:00+05:30,11327.63,11327.63,11327.63,11327.63,0,0
2015-04-06 00:00:00+05:30,11424.83,11424.83,11424.83,11424.83,0,0
2015-04-07 00:00:00+05:30,11425.33,11425.33,11425.33,11425.33,0,0
2015-04-08 00:00:00+05:30,11496.74,11496.74,11496.74,11496.74,0,0
2015-04-09 00:00:00+05:30,11581.01,11581.01,11581.01,11581.01,0,0
2015-04-10 00:00:00+05:30,11583.75,11583.75,11583.75,11583.75,0,0
2015-04-13 00:00:00+05:30,11654.49,11654.49,11654.49,11654.49,0,0
2015-04-15 00:00:00+05:30,11543.96,11543.96,11543.96,11543.96,0,0
2015-04-16 00:00:00+05:30,11486.56,11486.56,11486.56,11486.56,0,0
2015-04-17 00:00:00+05:30,11353.68,11353.68,11353.68,11353.68,0,0
2015-04-20 00:00:00+05:30,11145.37,11145.37,11145.37,11145.37,0,0
2015-04-21 00:00:00+05:30,11052.56,11052.56,11052.56,11052.56,0,0
2015-04-22 00:00:00+05:30,11121.12,11121.12,11121.12,11121.12,0,0
2015-04-23 00:00:00+05:30,11079.67,11079.67,11079.67,11079.67,0,0
2015-04-24 00:00:00+05:30,10957.58,10957.58,10957.58,10957.58,0,0
2015-04-27 00:00:00+05:30,10836.88,10836.88,10836.88,10836.88,0,0
2015-04-28 00:00:00+05:30,10931.63,10931.63,10931.63,10931.63,0,0
2015-04-29 00:00:00+05:30,10871.15,10871.15,10871.15,10871.15,0,0
2015-04-30 00:00:00+05:30,10794.27,10794.27,10794.27,10794.27,0,0
2015-05-04 00:00:00+05:30,10992.81,10992.81,10992.81,10992.81,0,0
2015-05-05 00:00:00+05:30,10983.33,10983.33,10983.33,10983.33,0,0
2015-05-06 00:00:00+05:30,10682.81,10682.81,10682.81,10682.81,0,0
2015-05-07 00:00:00+05:30,10630.43,10630.43,10630.43,10630.43,0,0
2015-05-08 00:00:00+05:30,10812.25,10812.25,10812.25,10812.25,0,0
2015-05-11 00:00:00+05:30,10988.82,10988.82,10988.82,10988.82,0,0
2015-05-12 00:00:00+05:30,10727.03,10727.03,10727.03,10727.03,0,0
2015-05-13 00:00:00+05:30,10870.3,10870.3,10870.3,10870.3,0,0
2015-05-14 00:00:00+05:30,10855.42,10855.42,10855.42,10855.42,0,0
2015-05-15 00:00:00+05:30,10905.75,10905.75,10905.75,10905.75,0,0
2015-05-18 00:00:00+05:30,11052.7,11052.7,11052.7,11052.7,0,0
2015-05-19 00:00:00+05:30,11042.12,11042.12,11042.12,11042.12,0,0
2015-05-20 00:00:00+05:30,11118.14,11118.14,11118.14,11118.14,0,0
2015-05-21 00:00:00+05:30,11116.0,11116.0,11116.0,11116.0,0,0
2015-05-22 00:00:00+05:30,11166.12,11166.12,11166.12,11166.12,0,0
2015-05-25 00:00:00+05:30,11049.0,11049.0,11049.0,11049.0,0,0
2015-05-26 00:00:00+05:30,11008.25,11008.25,11008.25,11008.25,0,0
2015-05-27 00:00:00+05:30,11001.96,11001.96,11001.96,11001.96,0,0
2015-05-28 00:00:00+05:30,10984.45,10984.45,10984.45,10984.45,0,0
2015-05-29 00:00:00+05:30,11135.85,11135.85,11135.85,11135.85,0,0
2015-06-01 00:00:00+05:30,11136.64,11136.64,11136.64,11136.64,0,0
2015-06-02 00:00:00+05:30,10876.52,10876.52,10876.52,10876.52,0,0
2015-06-03 00:00:00+05:30,10752.52,10752.52,10752.52,10752.52,0,0
2015-06-04 00:00:00+05:30,10754.83,10754.83,10754.83,10754.83,0,0
2015-06-05 00:00:00+05:30,10737.17,10737.17,10737.17,10737.17,0,0
2015-06-08 00:00:00+05:30,10643.82,10643.82,10643.82,10643.82,0,0
2015-06-09 00:00:00+05:30,10615.01,10615.01,10615.01,10615.01,0,0
2015-06-10 00:00:00+05:30,10750.07,10750.07,10750.07,10750.07,0,0
2015-06-11 00:00:00+05:30,10539.53,10539.53,10539.53,10539.53,0,0
2015-06-12 00:00:00+05:30,10562.76,10562.76,10562.76,10562.76,0,0
2015-06-15 00:00:00+05:30,10612.12,10612.12,10612.12,10612.12,0,0
2015-06-16 00:00:00+05:30,10657.23,10657.23,10657.23,10657.23,0,0
2015-06-17 00:00:00+05:30,10715.85,10715.85,10715.85,10715.85,0,0
2015-06-18 00:00:00+05:30,10825.96,10825.96,10825.96,10825.96,0,0
2015-06-19 00:00:00+05:30,10894.44,10894.44,10894.44,10894.44,0,0
2015-06-22 00:00:00+05:30,11064.89,11064.89,11064.89,11064.89,0,0
2015-06-23 00:00:00+05:30,11102.6,11102.6,11102.6,11102.6,0,0
2015-06-24 00:00:00+05:30,11075.71,11075.71,11075.71,11075.71,0,0
2015-06-25 00:00:00+05:30,11124.95,11124.95,11124.95,11124.95,0,0
2015-06-26 00:00:00+05:30,11102.52,11102.52,11102.52,11102.52,0,0
2015-06-29 00:00:00+05:30,11019.47,11019.47,11019.47,11019.47,0,0
2015-06-30 00:00:00+05:30,11085.87,11085.87,11085.87,11085.87,0,0
2015-07-01 00:00:00+05:30,11197.83,11197.83,11197.83,11197.83,0,0
2015-07-02 00:00:00+05:30,11191.5,11191.5,11191.5,11191.5,0,0
2015-07-03 00:00:00+05:30,11244.49,11244.49,11244.49,11244.49,0,0
2015-07-06 00:00:00+05:30,11294.6,11294.6,11294.6,11294.6,0,0
2015-07-07 00:00:00+05:30,11279.56,11279.56,11279.56,11279.56,0,0
2015-07-08 00:00:00+05:30,11084.34,11084.34,11084.34,11084.34,0,0
2015-07-09 00:00:00+05:30,11043.14,11043.14,11043.14,11043.14,0,0
2015-07-10 00:00:00+05:30,11086.29,11086.29,11086.29,11086.29,0,0
2015-07-13 00:00:00+05:30,11217.67,11217.67,11217.67,11217.67,0,0
2015-07-14 00:00:00+05:30,11210.85,11210.85,11210.85,11210.85,0,0
2015-07-15 00:00:00+05:30,11309.1,11309.1,11309.1,11309.1,0,0
2015-07-16 00:00:00+05:30,11422.48,11422.48,11422.48,11422.48,0,0
2015-07-17 00:00:00+05:30,11424.87,11424.87,11424.87,11424.87,0,0
2015-07-20 00:00:00+05:30,11419.13,11419.13,11419.13,11419.13,0,0
2015-07-21 00:00:00+05:30,11320.88,11320.88,11320.88,11320.88,0,0
2015-07-22 00:00:00+05:30,11459.27,11459.27,11459.27,11459.27,0,0
2015-07-23 00:00:00+05:30,11403.83,11403.83,11403.83,11403.83,0,0
2015-07-24 00:00:00+05:30,11313.22,11313.22,11313.22,11313.22,0,0
2015-07-27 00:00:00+05:30,11100.03,11100.03,11100.03,11100.03,0,0
2015-07-28 00:00:00+05:30,11068.18,11068.18,11068.18,11068.18,0,0
2015-07-29 00:00:00+05:30,11118.71,11118.71,11118.71,11118.71,0,0
2015-07-30 00:00:00+05:30,11180.79,11180.79,11180.79,11180.79,0,0
2015-07-31 00:00:00+05:30,11328.56,11328.56,11328.56,11328.56,0,0
2015-08-03 00:00:00+05:30,11342.11,11342.11,11342.11,11342.11,0,0
2015-08-04 00:00:00+05:30,11307.41,11307.41,11307.41,11307.41,0,0
2015-08-05 00:00:00+05:30,11375.18,11375.18,11375.18,11375.18,0,0
2015-08-06 00:00:00+05:30,11402.67,11402.67,11402.67,11402.67,0,0
2015-08-07 00:00:00+05:30,11372.02,11372.02,11372.02,11372.02,0,0
2015-08-10 00:00:00+05:30,11320.25,11320.25,11320.25,11320.25,0,0
2015-08-11 00:00:00+05:30,11236.57,11236.57,11236.57,11236.57,0,0
2015-08-12 00:00:00+05:30,11086.67,11086.67,11086.67,11086.67,0,0
2015-08-13 00:00:00+05:30,11095.98,11095.98,11095.98,11095.98,0,0
2015-08-14 00:00:00+05:30,11312.32,11312.32,11312.32,11312.32,0,0
2015-08-17 00:00:00+05:30,11257.56,11257.56,11257.56,11257.56,0,0
2015-08-18 00:00:00+05:30,11243.28,11243.28,11243.28,11243.28,0,0
2015-08-19 00:00:00+05:30,11281.26,11281.26,11281.26,11281.26,0,0
2015-08-20 00:00:00+05:30,11118.95,11118.95,11118.95,11118.95,0,0
2015-08-21 00:00:00+05:30,11022.22,11022.22,11022.22,11022.22,0,0
2015-08-24 00:00:00+05:30,10370.27,10370.27,10370.27,10370.27,0,0
2015-08-25 00:00:00+05:30,10465.46,10465.46,10465.46,10465.46,0,0
2015-08-26 00:00:00+05:30,10348.4,10348.4,10348.4,10348.4,0,0
2015-08-27 00:00:00+05:30,10557.5,10557.5,10557.5,10557.5,0,0
2015-08-28 00:00:00+05:30,10629.49,10629.49,10629.49,10629.49,0,0
2015-08-31 00:00:00+05:30,10588.8,10588.8,10588.8,10588.8,0,0
2015-09-01 00:00:00+05:30,10346.16,10346.16,10346.16,10346.16,0,0
2015-09-02 00:00:00+05:30,10254.61,10254.61,10254.61,10254.61,0,0
2015-09-03 00:00:00+05:30,10396.83,10396.83,10396.83,10396.83,0,0
2015-09-04 00:00:00+05:30,10173.65,10173.65,10173.65,10173.65,0,0
2015-09-07 00:00:00+05:30,10047.15,10047.15,10047.15,10047.15,0,0
2015-09-08 00:00:00+05:30,10219.21,10219.21,10219.21,10219.21,0,0
2015-09-09 00:00:00+05:30,10392.45,10392.45,10392.45,10392.45,0,0
2015-09-10 00:00:00+05:30,10351.93,10351.93,10351.93,10351.93,0,0
2015-09-11 00:00:00+05:30,10353.54,10353.54,10353.54,10353.54,0,0
2015-09-14 00:00:00+05:30,10463.93,10463.93,10463.93,10463.93,0,0
2015-09-15 00:00:00+05:30,10406.56,10406.56,10406.56,10406.56,0,0
2015-09-16 00:00:00+05:30,10499.73,10499.73,10499.73,10499.73,0,0
2015-09-18 00:00:00+05:30,10609.87,10609.87,10609.87,10609.87,0,0
2015-09-21 00:00:00+05:30,10603.8,10603.8,10603.8,10603.8,0,0
2015-09-22 00:00:00+05:30,10384.35,10384.35,10384.35,10384.35,0,0
2015-09-23 00:00:00+05:30,10429.44,10429.44,10429.44,10429.44,0,0
2015-09-24 00:00:00+05:30,10459.44,10459.44,10459.44,10459.44,0,0
2015-09-28 00:00:00+05:30,10362.68,10362.68,10362.68,10362.68,0,0
2015-09-29 00:00:00+05:30,10425.93,10425.93,10425.93,10425.93,0,0
2015-09-30 00:00:00+05:30,10566.29,10566.29,10566.29,10566.29,0,0
2015-10-01 00:00:00+05:30,10568.94,10568.94,10568.94,10568.94,0,0
2015-10-05 00:00:00+05:30,10792.79,10792.79,10792.79,10792.79,0,0
2015-10-06 00:00:00+05:30,10837.5,10837.5,10837.5,10837.5,0,0
2015-10-07 00:00:00+05:30,10870.04,10870.04,10870.04,10870.04,0,0
2015-10-08 00:00:00+05:30,10806.18,10806.18,10806.18,10806.18,0,0
2015-10-09 00:00:00+05:30,10886.38,10886.38,10886.38,10886.38,0,0
2015-10-12 00:00:00+05:30,10825.14,10825.14,10825.14,10825.14,0,0
2015-10-13 00:00:00+05:30,10809.32,10809.32,10809.32,10809.32,0,0
2015-10-14 00:00:00+05:30,10777.67,10777.67,10777.67,10777.67,0,0
2015-10-15 00:00:00+05:30,10872.82,10872.82,10872.82,10872.82,0,0
2015-10-16 00:00:00+05:30,10956.47,10956.47,10956.47,10956.47,0,0
2015-10-19 00:00:00+05:30,11006.79,11006.79,11006.79,11006.79,0,0
2015-10-20 00:00:00+05:30,10989.0,10989.0,10989.0,10989.0,0,0
2015-10-21 00:00:00+05:30,10976.65,10976.65,10976.65,10976.65,0,0
2015-10-23 00:00:00+05:30,11036.44,11036.44,11036.44,11036.44,0,0
2015-10-26 00:00:00+05:30,10990.02,10990.02,10990.02,10990.02,0,0
2015-10-27 00:00:00+05:30,10953.26,10953.26,10953.26,10953.26,0,0
2015-10-28 00:00:00+05:30,10871.42,10871.42,10871.42,10871.42,0,0
2015-10-29 00:00:00+05:30,10792.35,10792.35,10792.35,10792.35,0,0
2015-10-30 00:00:00+05:30,10732.25,10732.25,10732.25,10732.25,0,0
2015-11-02 00:00:00+05:30,10712.32,10712.32,10712.32,10712.32,0,0
2015-11-03 00:00:00+05:30,10725.48,10725.48,10725.48,10725.48,0,0
2015-11-04 00:00:00+05:30,10698.19,10698.19,10698.19,10698.19,0,0
2015-11-05 00:00:00+05:30,10585.41,10585.41,10585.41,10585.41,0,0
2015-11-06 00:00:00+05:30,10583.88,10583.88,10583.88,10583.88,0,0
2015-11-09 00:00:00+05:30,10531.91,10531.91,10531.91,10531.91,0,0
2015-11-10 00:00:00+05:30,10358.65,10358.65,10358.65,10358.65,0,0
2015-11-11 00:00:00+05:30,10414.07,10414.07,10414.07,10414.07,0,0
2015-11-13 00:00:00+05:30,10330.6,10330.6,10330.6,10330.6,0,0
2015-11-16 00:00:00+05:30,10389.64,10389.64,10389.64,10389.64,0,0
2015-11-17 00:00:00+05:30,10430.78,10430.78,10430.78,10430.78,0,0
2015-11-18 00:00:00+05:30,10290.03,10290.03,10290.03,10290.03,0,0
2015-11-19 00:00:00+05:30,10437.71,10437.71,10437.71,10437.71,0,0
2015-11-20 00:00:00+05:30,10456.11,10456.11,10456.11,10456.11,0,0
2015-11-23 00:00:00+05:30,10446.4,10446.4,10446.4,10446.4,0,0
2015-11-24 00:00:00+05:30,10422.86,10422.86,10422.86,10422.86,0,0
2015-11-26 00:00:00+05:30,10492.35,10492.35,10492.35,10492.35,0,0
2015-11-27 00:00:00+05:30,10570.76,10570.76,10570.76,10570.76,0,0
2015-11-30 00:00:00+05:30,10560.84,10560.84,10560.84,10560.84,0,0
2015-12-01 00:00:00+05:30,10586.99,10586.99,10586.99,10586.99,0,0
2015-12-02 00:00:00+05:30,10555.62,10555.62,10555.62,10555.62,0,0
2015-12-03 00:00:00+05:30,10466.19,10466.19,10466.19,10466.19,0,0
2015-12-04 00:00:00+05:30,10356.71,10356.71,10356.71,10356.71,0,0
2015-12-07 00:00:00+05:30,10334.77,10334.77,10334.77,10334.77,0,0
2015-12-08 00:00:00+05:30,10250.03,10250.03,10250.03,10250.03,0,0
2015-12-09 00:00:00+05:30,10131.26,10131.26,10131.26,10131.26,0,0
2015-12-10 00:00:00+05:30,10225.54,10225.54,10225.54,10225.54,0,0
2015-12-11 00:00:00+05:30,10128.57,10128.57,10128.57,10128.57,0,0
2015-12-14 00:00:00+05:30,10181.25,10181.25,10181.25,10181.25,0,0
2015-12-15 00:00:00+05:30,10248.91,10248.91,10248.91,10248.91,0,0
2015-12-16 00:00:00+05:30,10315.45,10315.45,10315.45,10315.45,0,0
2015-12-17 00:00:00+05:30,10439.83,10439.83,10439.83,10439.83,0,0
2015-12-18 00:00:00+05:30,10330.16,10330.16,10330.16,10330.16,0,0
2015-12-21 00:00:00+05:30,10426.69,10426.69,10426.69,10426.69,0,0
2015-12-22 00:00:00+05:30,10362.35,10362.35,10362.35,10362.35,0,0
2015-12-23 00:00:00+05:30,10468.61,10468.61,10468.61,10468.61,0,0
2015-12-24 00:00:00+05:30,10462.08,10462.08,10462.08,10462.08,0,0
2015-12-28 00:00:00+05:30,10547.37,10547.37,10547.37,10547.37,0,0
2015-12-29 00:00:00+05:30,10552.46,10552.46,10552.46,10552.46,0,0
2015-12-30 00:00:00+05:30,10508.91,10508.91,10508.91,10508.91,0,0
2015-12-31 00:00:00+05:30,10575.63,10575.63,10575.63,10575.63,0,0
2016-01-01 00:00:00+05:30,10598.0,10598.0,10598.0,10598.0,0,0
2016-01-04 00:00:00+05:30,10369.24,10369.24,10369.24,10369.24,0,0
2016-01-05 00:00:00+05:30,10360.42,10360.42,10360.42,10360.42,0,0
2016-01-06 00:00:00+05:30,10302.32,10302.32,10302.32,10302.32,0,0
2016-01-07 00:00:00+05:30,10072.45,10072.45,10072.45,10072.45,0,0
2016-01-08 00:00:00+05:30,10116.45,10116.45,10116.45,10116.45,0,0
2016-01-11 00:00:00+05:30,10066.57,10066.57,10066.57,10066.57,0,0
2016-01-12 00:00:00+05:30,9995.25,9995.25,9995.25,9995.25,0,0
2016-01-13 00:00:00+05:30,10064.62,10064.62,10064.62,10064.62,0,0
2016-01-14 00:00:00+05:30,10030.53,10030.53,10030.53,10030.53,0,0
2016-01-15 00:00:00+05:30,9898.8,9898.8,9898.8,9898.8,0,0
2016-01-18 00:00:00+05:30,9783.26,9783.26,9783.26,9783.26,0,0
2016-01-19 00:00:00+05:30,9895.18,9895.18,9895.18,9895.18,0,0
2016-01-20 00:00:00+05:30,9727.77,9727.77,9727.77,9727.77,0,0
2016-01-21 00:00:00+05:30,9685.29,9685.29,9685.29,9685.29,0,0
2016-01-22 00:00:00+05:30,9879.13,9879.13,9879.13,9879.13,0,0
2016-01-25 00:00:00+05:30,9898.28,9898.28,9898.28,9898.28,0,0
2016-01-27 00:00:00+05:30,9901.35,9901.35,9901.35,9901.35,0,0
2016-01-28 00:00:00+05:30,9883.94,9883.94,9883.94,9883.94,0,0
2016-01-29 00:00:00+05:30,10068.86,10068.86,10068.86,10068.86,0,0
2016-02-01 00:00:00+05:30,10058.69,10058.69,10058.69,10058.69,0,0
2016-02-02 00:00:00+05:30,9925.98,9925.98,9925.98,9925.98,0,0
2016-02-03 00:00:00+05:30,9801.62,9801.62,9801.62,9801.62,0,0
2016-02-04 00:00:00+05:30,9857.82,9857.82,9857.82,9857.82,0,0
2016-02-05 00:00:00+05:30,9972.05,9972.05,9972.05,9972.05,0,0
2016-02-08 00:00:00+05:30,9836.41,9836.41,9836.41,9836.41,0,0
2016-02-09 00:00:00+05:30,9717.87,9717.87,9717.87,9717.87,0,0
2016-02-10 00:00:00+05:30,9607.98,9607.98,9607.98,9607.98,0,0
2016-02-11 00:00:00+05:30,9289.29,9289.29,9289.29,9289.29,0,0
2016-02-12 00:00:00+05:30,9295.41,9295.41,9295.41,9295.41,0,0
2016-02-15 00:00:00+05:30,9537.74,9537.74,9537.74,9537.74,0,0
2016-02-16 00:00:00+05:30,9385.36,9385.36,9385.36,9385.36,0,0
2016-02-17 00:00:00+05:30,9465.52,9465.52,9465.52,9465.52,0,0
2016-02-18 00:00:00+05:30,9576.46,9576.46,9576.46,9576.46,0,0
2016-02-19 00:00:00+05:30,9601.77,9601.77,9601.77,9601.77,0,0
2016-02-22 00:00:00+05:30,9633.83,9633.83,9633.83,9633.83,0,0
2016-02-23 00:00:00+05:30,9467.41,9467.41,9467.41,9467.41,0,0
2016-02-24 00:00:00+05:30,9346.39,9346.39,9346.39,9346.39,0,0
2016-02-25 00:00:00+05:30,9282.38,9282.38,9282.38,9282.38,0,0
2016-02-26 00:00:00+05:30,9361.1,9361.1,9361.1,9361.1,0,0
2016-02-29 00:00:00+05:30,9304.26,9304.26,9304.26,9304.26,0,0
2016-03-01 00:00:00+05:30,9617.51,9617.51,9617.51,9617.51,0,0
2016-03-02 00:00:00+05:30,9812.68,9812.68,9812.68,9812.68,0,0
2016-03-03 00:00:00+05:30,9955.1,9955.1,9955.1,9955.1,0,0
2016-03-04 00:00:00+05:30,9968.09,9968.09,9968.09,9968.09,0,0
2016-03-08 00:00:00+05:30,9967.99,9967.99,9967.99,9967.99,0,0
2016-03-09 00:00:00+05:30,10029.96,10029.96,10029.96,10029.96,0,0
2016-03-10 00:00:00+05:30,9969.15,9969.15,9969.15,9969.15,0,0
2016-03-11 00:00:00+05:30,10001.18,10001.18,10001.18,10001.18,0,0
2016-03-14 00:00:00+05:30,10048.89,10048.89,10048.89,10048.89,0,0
2016-03-15 00:00:00+05:30,9944.76,9944.76,9944.76,9944.76,0,0
2016-03-16 00:00:00+05:30,9997.9,9997.9,9997.9,9997.9,0,0
2016-03-17 00:00:00+05:30,10021.13,10021.13,10021.13,10021.13,0,0
2016-03-18 00:00:00+05:30,10143.6,10143.6,10143.6,10143.6,0,0
2016-03-21 00:00:00+05:30,10278.3,10278.3,10278.3,10278.3,0,0
2016-03-22 00:00:00+05:30,10292.77,10292.77,10292.77,10292.77,0,0
2016-03-23 00:00:00+05:30,10294.93,10294.93,10294.93,10294.93,0,0
2016-03-28 00:00:00+05:30,10159.66,10159.66,10159.66,10159.66,0,0
2016-03-29 00:00:00+05:30,10135.49,10135.49,10135.49,10135.49,0,0
2016-03-30 00:00:00+05:30,10321.2,10321.2,10321.2,10321.2,0,0
2016-03-31 00:00:00+05:30,10325.5,10325.5,10325.5,10325.5,0,0
2016-04-01 00:00:00+05:30,10291.69,10291.69,10291.69,10291.69,0,0
2016-04-04 00:00:00+05:30,10352.69,10352.69,10352.69,10352.69,0,0
2016-04-05 00:00:00+05:30,10145.1,10145.1,10145.1,10145.1,0,0
2016-04-06 00:00:00+05:30,10159.98,10159.98,10159.98,10159.98,0,0
2016-04-07 00:00:00+05:30,10069.36,10069.36,10069.36,10069.36,0,0
2016-04-08 00:00:00+05:30,10081.01,10081.01,10081.01,10081.01,0,0
2016-04-11 00:00:00+05:30,10236.11,10236.11,10236.11,10236.11,0,0
2016-04-12 00:00:00+05:30,10286.18,10286.18,10286.18,10286.18,0,0
2016-04-13 00:00:00+05:30,10475.02,10475.02,10475.02,10475.02,0,0
2016-04-18 00:00:00+05:30,10560.74,10560.74,10560.74,10560.74,0,0
2016-04-20 00:00:00+05:30,10560.79,10560.79,10560.79,10560.79,0,0
2016-04-21 00:00:00+05:30,10557.22,10557.22,10557.22,10557.22,0,0
2016-04-22 00:00:00+05:30,10540.19,10540.19,10540.19,10540.19,0,0
2016-04-25 00:00:00+05:30,10481.12,10481.12,10481.12,10481.12,0,0
2016-04-26 00:00:00+05:30,10624.72,10624.72,10624.72,10624.72,0,0
2016-04-27 00:00:00+05:30,10647.74,10647.74,10647.74,10647.74,0,0
2016-04-28 00:00:00+05:30,10470.71,10470.71,10470.71,10470.71,0,0
2016-04-29 00:00:00+05:30,10474.15,10474.15,10474.15,10474.15,0,0
2016-05-02 00:00:00+05:30,10415.52,10415.52,10415.52,10415.52,0,0
2016-05-03 00:00:00+05:30,10336.97,10336.97,10336.97,10336.97,0,0
2016-05-04 00:00:00+05:30,10283.01,10283.01,10283.01,10283.01,0,0
2016-05-05 00:00:00+05:30,10322.82,10322.82,10322.82,10322.82,0,0
2016-05-06 00:00:00+05:30,10320.12,10320.12,10320.12,10320.12,0,0
2016-05-09 00:00:00+05:30,10497.09,10497.09,10497.09,10497.09,0,0
2016-05-10 00:00:00+05:30,10526.11,10526.11,10526.11,10526.11,0,0
2016-05-11 00:00:00+05:30,10474.1,10474.1,10474.1,10474.1,0,0
2016-05-12 00:00:00+05:30,10542.93,10542.93,10542.93,10542.93,0,0
2016-05-13 00:00:00+05:30,10428.78,10428.78,10428.78,10428.78,0,0
2016-05-16 00:00:00+05:30,10489.97,10489.97,10489.97,10489.97,0,0
2016-05-17 00:00:00+05:30,10530.03,10530.03,10530.03,10530.03,0,0
2016-05-18 00:00:00+05:30,10502.51,10502.51,10502.51,10502.51,0,0
2016-05-19 00:00:00+05:30,10386.75,10386.75,10386.75,10386.75,0,0
2016-05-20 00:00:00+05:30,10341.79,10341.79,10341.79,10341.79,0,0
2016-05-23 00:00:00+05:30,10316.91,10316.91,10316.91,10316.91,0,0
2016-05-24 00:00:00+05:30,10340.65,10340.65,10340.65,10340.65,0,0
2016-05-25 00:00:00+05:30,10588.92,10588.92,10588.92,10588.92,0,0
2016-05-26 00:00:00+05:30,10768.78,10768.78,10768.78,10768.78,0,0
2016-05-27 00:00:00+05:30,10884.88,10884.88,10884.88,10884.88,0,0
2016-05-30 00:00:00+05:30,10932.7,10932.7,10932.7,10932.7,0,0
2016-05-31 00:00:00+05:30,10908.07,10908.07,10908.07,10908.07,0,0
2016-06-01 00:00:00+05:30,10934.62,10934.62,10934.62,10934.62,0,0
2016-06-02 00:00:00+05:30,10986.77,10986.77,10986.77,10986.77,0,0
2016-06-03 00:00:00+05:30,10992.21,10992.21,10992.21,10992.21,0,0
2016-06-06 00:00:00+05:30,10972.45,10972.45,10972.45,10972.45,0,0
2016-06-07 00:00:00+05:30,11059.93,11059.93,11059.93,11059.93,0,0
2016-06-08 00:00:00+05:30,11068.75,11068.75,11068.75,11068.75,0,0
2016-06-09 00:00:00+05:30,10986.64,10986.64,10986.64,10986.64,0,0
2016-06-10 00:00:00+05:30,10941.7,10941.7,10941.7,10941.7,0,0
2016-06-13 00:00:00+05:30,10862.06,10862.06,10862.06,10862.06,0,0
2016-06-14 00:00:00+05:30,10859.76,10859.76,10859.76,10859.76,0,0
2016-06-15 00:00:00+05:30,10990.64,10990.64,10990.64,10990.64,0,0
2016-06-16 00:00:00+05:30,10913.97,10913.97,10913.97,10913.97,0,0
2016-06-17 00:00:00+05:30,10953.44,10953.44,10953.44,10953.44,0,0
2016-06-20 00:00:00+05:30,11045.03,11045.03,11045.03,11045.03,0,0
2016-06-21 00:00:00+05:30,11020.11,11020.11,11020.11,11020.11,0,0
2016-06-22 00:00:00+05:30,11000.82,11000.82,11000.82,11000.82,0,0
2016-06-23 00:00:00+05:30,11091.16,11091.16,11091.16,11091.16,0,0
2016-06-24 00:00:00+05:30,10847.29,10847.29,10847.29,10847.29,0,0
2016-06-27 00:00:00+05:30,10855.5,10855.5,10855.5,10855.5,0,0
2016-06-28 00:00:00+05:30,10899.91,10899.91,10899.91,10899.91,0,0
2016-06-29 00:00:00+05:30,11009.02,11009.02,11009.02,11009.02,0,0
2016-06-30 00:00:00+05:30,11121.39,11121.39,11121.39,11121.39,0,0
2016-07-01 00:00:00+05:30,11175.85,11175.85,11175.85,11175.85,0,0
2016-07-04 00:00:00+05:30,11233.09,11233.09,11233.09,11233.09,0,0
2016-07-05 00:00:00+05:30,11186.41,11186.41,11186.41,11186.41,0,0
2016-07-07 00:00:00+05:30,11192.11,11192.11,11192.11,11192.11,0,0
2016-07-08 00:00:00+05:30,11172.39,11172.39,11172.39,11172.39,0,0
2016-07-11 00:00:00+05:30,11366.82,11366.82,11366.82,11366.82,0,0
2016-07-12 00:00:00+05:30,11438.19,11438.19,11438.19,11438.19,0,0
2016-07-13 00:00:00+05:30,11436.09,11436.09,11436.09,11436.09,0,0
2016-07-14 00:00:00+05:30,11497.65,11497.65,11497.65,11497.65,0,0
2016-07-15 00:00:00+05:30,11474.04,11474.04,11474.04,11474.04,0,0
2016-07-18 00:00:00+05:30,11431.25,11431.25,11431.25,11431.25,0,0
2016-07-19 00:00:00+05:30,11457.95,11457.95,11457.95,11457.95,0,0
2016-07-20 00:00:00+05:30,11508.07,11508.07,11508.07,11508.07,0,0
2016-07-21 00:00:00+05:30,11435.64,11435.64,11435.64,11435.64,0,0
2016-07-22 00:00:00+05:30,11477.47,11477.47,11477.47,11477.47,0,0
2016-07-25 00:00:00+05:30,11606.29,11606.29,11606.29,11606.29,0,0
2016-07-26 00:00:00+05:30,11545.78,11545.78,11545.78,11545.78,0,0
2016-07-27 00:00:00+05:30,11579.64,11579.64,11579.64,11579.64,0,0
2016-07-28 00:00:00+05:30,11652.18,11652.18,11652.18,11652.18,0,0
2016-07-29 00:00:00+05:30,11614.8,11614.8,11614.8,11614.8,0,0
2016-08-01 00:00:00+05:30,11612.19,11612.19,11612.19,11612.19,0,0
2016-08-02 00:00:00+05:30,11594.65,11594.65,11594.65,11594.65,0,0
2016-08-03 00:00:00+05:30,11489.74,11489.74,11489.74,11489.74,0,0
2016-08-04 00:00:00+05:30,11498.13,11498.13,11498.13,11498.13,0,0
2016-08-05 00:00:00+05:30,11675.68,11675.68,11675.68,11675.68,0,0
2016-08-08 00:00:00+05:30,11713.58,11713.58,11713.58,11713.58,0,0
2016-08-09 00:00:00+05:30,11669.7,11669.7,11669.7,11669.7,0,0
2016-08-10 00:00:00+05:30,11532.49,11532.49,11532.49,11532.49,0,0
2016-08-11 00:00:00+05:30,11555.84,11555.84,11555.84,11555.84,0,0
2016-08-12 00:00:00+05:30,11663.43,11663.43,11663.43,11663.43,0,0
2016-08-16 00:00:00+05:30,11623.61,11623.61,11623.61,11623.61,0,0
2016-08-17 00:00:00+05:30,11598.72,11598.72,11598.72,11598.72,0,0
2016-08-18 00:00:00+05:30,11670.37,11670.37,11670.37,11670.37,0,0
2016-08-19 00:00:00+05:30,11661.82,11661.82,11661.82,11661.82,0,0
2016-08-22 00:00:00+05:30,11611.02,11611.02,11611.02,11611.02,0,0
2016-08-23 00:00:00+05:30,11615.7,11615.7,11615.7,11615.7,0,0
2016-08-24 00:00:00+05:30,11639.48,11639.48,11639.48,11639.48,0,0
2016-08-25 00:00:00+05:30,11561.34,11561.34,11561.34,11561.34,0,0
2016-08-26 00:00:00+05:30,11534.92,11534.92,11534.92,11534.92,0,0
2016-08-29 00:00:00+05:30,11581.83,11581.83,11581.83,11581.83,0,0
2016-08-30 00:00:00+05:30,11766.04,11766.04,11766.04,11766.04,0,0
2016-08-31 00:00:00+05:30,11826.19,11826.19,11826.19,11826.19,0,0
2016-09-01 00:00:00+05:30,11810.69,11810.69,11810.69,11810.69,0,0
2016-09-02 00:00:00+05:30,11857.76,11857.76,11857.76,11857.76,0,0
2016-09-06 00:00:00+05:30,12037.72,12037.72,12037.72,12037.72,0,0
2016-09-07 00:00:00+05:30,12005.43,12005.43,12005.43,12005.43,0,0
2016-09-08 00:00:00+05:30,12055.6,12055.6,12055.6,12055.6,0,0
2016-09-09 00:00:00+05:30,11940.12,11940.12,11940.12,11940.12,0,0
2016-09-12 00:00:00+05:30,11737.0,11737.0,11737.0,11737.0,0,0
2016-09-14 00:00:00+05:30,11751.93,11751.93,11751.93,11751.93,0,0
2016-09-15 00:00:00+05:30,11774.9,11774.9,11774.9,11774.9,0,0
2016-09-16 00:00:00+05:30,11825.12,11825.12,11825.12,11825.12,0,0
2016-09-19 00:00:00+05:30,11863.61,11863.61,11863.61,11863.61,0,0
2016-09-20 00:00:00+05:30,11819.83,11819.83,11819.83,11819.83,0,0
2016-09-21 00:00:00+05:30,11821.52,11821.52,11821.52,11821.52,0,0
2016-09-22 00:00:00+05:30,11943.44,11943.44,11943.44,11943.44,0,0
2016-09-23 00:00:00+05:30,11895.07,11895.07,11895.07,11895.07,0,0
2016-09-26 00:00:00+05:30,11748.91,11748.91,11748.91,11748.91,0,0
2016-09-27 00:00:00+05:30,11726.49,11726.49,11726.49,11726.49,0,0
2016-09-28 00:00:00+05:30,11778.71,11778.71,11778.71,11778.71,0,0
2016-09-29 00:00:00+05:30,11571.4,11571.4,11571.4,11571.4,0,0
2016-09-30 00:00:00+05:30,11598.22,11598.22,11598.22,11598.22,0,0
2016-10-03 00:00:00+05:30,11769.16,11769.16,11769.16,11769.16,0,0
2016-10-04 00:00:00+05:30,11811.04,11811.04,11811.04,11811.04,0,0
2016-10-05 00:00:00+05:30,11777.1,11777.1,11777.1,11777.1,0,0
2016-10-06 00:00:00+05:30,11730.75,11730.75,11730.75,11730.75,0,0
2016-10-07 00:00:00+05:30,11714.65,11714.65,11714.65,11714.65,0,0
2016-10-10 00:00:00+05:30,11729.75,11729.75,11729.75,11729.75,0,0
2016-10-13 00:00:00+05:30,11547.3,11547.3,11547.3,11547.3,0,0
2016-10-14 00:00:00+05:30,11560.81,11560.81,11560.81,11560.81,0,0
2016-10-17 00:00:00+05:30,11475.97,11475.97,11475.97,11475.97,0,0
2016-10-18 00:00:00+05:30,11688.13,11688.13,11688.13,11688.13,0,0
2016-10-19 00:00:00+05:30,11662.81,11662.81,11662.81,11662.81,0,0
2016-10-20 00:00:00+05:30,11717.04,11717.04,11717.04,11717.04,0,0
2016-10-21 00:00:00+05:30,11716.57,11716.57,11716.57,11716.57,0,0
2016-10-24 00:00:00+05:30,11739.24,11739.24,11739.24,11739.24,0,0
2016-10-25 00:00:00+05:30,11715.45,11715.45,11715.45,11715.45,0,0
2016-10-26 00:00:00+05:30,11612.99,11612.99,11612.99,11612.99,0,0
2016-10-27 00:00:00+05:30,11614.18,11614.18,11614.18,11614.18,0,0
2016-10-28 00:00:00+05:30,11644.89,11644.89,11644.89,11644.89,0,0
2016-10-30 00:00:00+05:30,11628.32,11628.32,11628.32,11628.32,0,0
2016-11-01 00:00:00+05:30,11631.33,11631.33,11631.33,11631.33,0,0
2016-11-02 00:00:00+05:30,11479.94,11479.94,11479.94,11479.94,0,0
2016-11-03 00:00:00+05:30,11443.72,11443.72,11443.72,11443.72,0,0
2016-11-04 00:00:00+05:30,11374.71,11374.71,11374.71,11374.71,0,0
2016-11-07 00:00:00+05:30,11460.08,11460.08,11460.08,11460.08,0,0
2016-11-08 00:00:00+05:30,11522.76,11522.76,11522.76,11522.76,0,0
2016-11-09 00:00:00+05:30,11372.35,11372.35,11372.35,11372.35,0,0
2016-11-10 00:00:00+05:30,11498.79,11498.79,11498.79,11498.79,0,0
2016-11-11 00:00:00+05:30,11189.3,11189.3,11189.3,11189.3,0,0
2016-11-15 00:00:00+05:30,10935.99,10935.99,10935.99,10935.99,0,0
2016-11-16 00:00:00+05:30,10940.23,10940.23,10940.23,10940.23,0,0
2016-11-17 00:00:00+05:30,10897.55,10897.55,10897.55,10897.55,0,0
2016-11-18 00:00:00+05:30,10889.64,10889.64,10889.64,10889.64,0,0
2016-11-21 00:00:00+05:30,10694.09,10694.09,10694.09,10694.09,0,0
2016-11-22 00:00:00+05:30,10792.82,10792.82,10792.82,10792.82,0,0
2016-11-23 00:00:00+05:30,10834.59,10834.59,10834.59,10834.59,0,0
2016-11-24 00:00:00+05:30,10743.28,10743.28,10743.28,10743.28,0,0
2016-11-25 00:00:00+05:30,10943.99,10943.99,10943.99,10943.99,0,0
2016-11-28 00:00:00+05:30,10960.97,10960.97,10960.97,10960.97,0,0
2016-11-29 00:00:00+05:30,10981.54,10981.54,10981.54,10981.54,0,0
2016-11-30 00:00:00+05:30,11092.59,11092.59,11092.59,11092.59,0,0
2016-12-01 00:00:00+05:30,11050.0,11050.0,11050.0,11050.0,0,0
2016-12-02 00:00:00+05:30,10906.86,10906.86,10906.86,10906.86,0,0
2016-12-05 00:00:00+05:30,10963.49,10963.49,10963.49,10963.49,0,0
2016-12-06 00:00:00+05:30,10982.89,10982.89,10982.89,10982.89,0,0
2016-12-07 00:00:00+05:30,10927.43,10927.43,10927.43,10927.43,0,0
2016-12-08 00:00:00+05:30,11122.75,11122.75,11122.75,11122.75,0,0
2016-12-09 00:00:00+05:30,11142.82,11142.82,11142.82,11142.82,0,0
2016-12-12 00:00:00+05:30,11020.15,11020.15,11020.15,11020.15,0,0
2016-12-13 00:00:00+05:30,11088.99,11088.99,11088.99,11088.99,0,0
2016-12-14 00:00:00+05:30,11035.88,11035.88,11035.88,11035.88,0,0
2016-12-15 00:00:00+05:30,10997.01,10997.01,10997.01,10997.01,0,0
2016-12-16 00:00:00+05:30,10977.91,10977.91,10977.91,10977.91,0,0
2016-12-19 00:00:00+05:30,10930.55,10930.55,10930.55,10930.55,0,0
2016-12-20 00:00:00+05:30,10900.96,10900.96,10900.96,10900.96,0,0
2016-12-21 00:00:00+05:30,10872.49,10872.49,10872.49,10872.49,0,0
2016-12-22 00:00:00+05:30,10761.65,10761.65,10761.65,10761.65,0,0
2016-12-23 00:00:00+05:30,10770.6,10770.6,10770.6,10770.6,0,0
2016-12-26 00:00:00+05:30,10666.06,10666.06,10666.06,10666.06,0,0
2016-12-27 00:00:00+05:30,10834.12,10834.12,10834.12,10834.12,0,0
2016-12-28 00:00:00+05:30,10836.85,10836.85,10836.85,10836.85,0,0
2016-12-29 00:00:00+05:30,10929.53,10929.53,10929.53,10929.53,0,0
2016-12-30 00:00:00+05:30,11040.41,11040.41,11040.41,11040.41,0,0
2017-01-02 00:00:00+05:30,11031.91,11031.91,11031.91,11031.91,0,0
2017-01-03 00:00:00+05:30,11049.08,11049.08,11049.08,11049.08,0,0
2017-01-04 00:00:00+05:30,11046.76,11046.76,11046.76,11046.76,0,0
2017-01-05 00:00:00+05:30,11159.12,11159.12,11159.12,11159.12,0,0
2017-01-06 00:00:00+05:30,11118.62,11118.62,11118.62,11118.62,0,0
2017-01-09 00:00:00+05:30,11108.2,11108.2,11108.2,11108.2,0,0
2017-01-10 00:00:00+05:30,11179.04,11179.04,11179.04,11179.04,0,0
2017-01-11 00:00:00+05:30,11303.19,11303.19,11303.19,11303.19,0,0
2017-01-12 00:00:00+05:30,11339.04,11339.04,11339.04,11339.04,0,0
2017-01-13 00:00:00+05:30,11329.78,11329.78,11329.78,11329.78,0,0
2017-01-16 00:00:00+05:30,11346.57,11346.57,11346.57,11346.57,0,0
2017-01-17 00:00:00+05:30,11326.62,11326.62,11326.62,11326.62,0,0
2017-01-18 00:00:00+05:30,11352.22,11352.22,11352.22,11352.22,0,0
2017-01-19 00:00:00+05:30,11376.62,11376.62,11376.62,11376.62,0,0
2017-01-20 00:00:00+05:30,11260.99,11260.99,11260.99,11260.99,0,0
2017-01-23 00:00:00+05:30,11319.09,11319.09,11319.09,11319.09,0,0
2017-01-24 00:00:00+05:30,11432.83,11432.83,11432.83,11432.83,0,0
2017-01-25 00:00:00+05:30,11604.09,11604.09,11604.09,11604.09,0,0
2017-01-27 00:00:00+05:30,11656.0,11656.0,11656.0,11656.0,0,0
2017-01-30 00:00:00+05:30,11644.53,11644.53,11644.53,11644.53,0,0
2017-01-31 00:00:00+05:30,11548.15,11548.15,11548.15,11548.15,0,0
2017-02-01 00:00:00+05:30,11758.63,11758.63,11758.63,11758.63,0,0
2017-02-02 00:00:00+05:30,11784.61,11784.61,11784.61,11784.61,0,0
2017-02-03 00:00:00+05:30,11793.62,11793.62,11793.62,11793.62,0,0
2017-02-06 00:00:00+05:30,11874.73,11874.73,11874.73,11874.73,0,0
2017-02-07 00:00:00+05:30,11832.78,11832.78,11832.78,11832.78,0,0
2017-02-08 00:00:00+05:30,11833.8,11833.8,11833.8,11833.8,0,0
2017-02-09 00:00:00+05:30,11846.42,11846.42,11846.42,11846.42,0,0
2017-02-10 00:00:00+05:30,11866.82,11866.82,11866.82,11866.82,0,0
2017-02-13 00:00:00+05:30,11882.38,11882.38,11882.38,11882.38,0,0
2017-02-14 00:00:00+05:30,11865.43,11865.43,11865.43,11865.43,0,0
2017-02-15 00:00:00+05:30,11776.57,11776.57,11776.57,11776.57,0,0
2017-02-16 00:00:00+05:30,11849.55,11849.55,11849.55,11849.55,0,0
2017-02-17 00:00:00+05:30,11908.56,11908.56,11908.56,11908.56,0,0
2017-02-20 00:00:00+05:30,11986.21,11986.21,11986.21,11986.21,0,0
2017-02-21 00:00:00+05:30,12024.88,12024.88,12024.88,12024.88,0,0
2017-02-22 00:00:00+05:30,12050.54,12050.54,12050.54,12050.54,0,0
2017-02-23 00:00:00+05:30,12067.61,12067.61,12067.61,12067.61,0,0
2017-02-27 00:00:00+05:30,12009.8,12009.8,12009.8,12009.8,0,0
2017-02-28 00:00:00+05:30,11990.44,11990.44,11990.44,11990.44,0,0
2017-03-01 00:00:00+05:30,12079.8,12079.8,12079.8,12079.8,0,0
2017-03-02 00:00:00+05:30,12017.63,12017.63,12017.63,12017.63,0,0
2017-03-03 00:00:00+05:30,12014.7,12014.7,12014.7,12014.7,0,0
2017-03-06 00:00:00+05:30,12103.68,12103.68,12103.68,12103.68,0,0
2017-03-07 00:00:00+05:30,12081.34,12081.34,12081.34,12081.34,0,0
2017-03-08 00:00:00+05:30,12050.77,12050.77,12050.77,12050.77,0,0
2017-03-09 00:00:00+05:30,12056.17,12056.17,12056.17,12056.17,0,0
2017-03-10 00:00:00+05:30,12066.4,12066.4,12066.4,12066.4,0,0
2017-03-14 00:00:00+05:30,12281.22,12281.22,12281.22,12281.22,0,0
2017-03-15 00:00:00+05:30,12278.23,12278.23,12278.23,12278.23,0,0
2017-03-16 00:00:00+05:30,12374.48,12374.48,12374.48,12374.48,0,0
2017-03-17 00:00:00+05:30,12383.04,12383.04,12383.04,12383.04,0,0
2017-03-20 00:00:00+05:30,12338.14,12338.14,12338.14,12338.14,0,0
2017-03-21 00:00:00+05:30,12330.92,12330.92,12330.92,12330.92,0,0
2017-03-22 00:00:00+05:30,12207.85,12207.85,12207.85,12207.85,0,0
2017-03-23 00:00:00+05:30,12283.35,12283.35,12283.35,12283.35,0,0
2017-03-24 00:00:00+05:30,12314.98,12314.98,12314.98,12314.98,0,0
2017-03-27 00:00:00+05:30,12230.63,12230.63,12230.63,12230.63,0,0
2017-03-28 00:00:00+05:30,12305.77,12305.77,12305.77,12305.77,0,0
2017-03-29 00:00:00+05:30,12363.95,12363.95,12363.95,12363.95,0,0
2017-03-30 00:00:00+05:30,12404.41,12404.41,12404.41,12404.41,0,0
2017-03-31 00:00:00+05:30,12406.69,12406.69,12406.69,12406.69,0,0
2017-04-03 00:00:00+05:30,12493.39,12493.39,12493.39,12493.39,0,0
2017-04-05 00:00:00+05:30,12530.31,12530.31,12530.31,12530.31,0,0
2017-04-06 00:00:00+05:30,12525.97,12525.97,12525.97,12525.97,0,0
2017-04-07 00:00:00+05:30,12439.9,12439.9,12439.9,12439.9,0,0
2017-04-10 00:00:00+05:30,12417.07,12417.07,12417.07,12417.07,0,0
2017-04-11 00:00:00+05:30,12492.24,12492.24,12492.24,12492.24,0,0
2017-04-12 00:00:00+05:30,12446.84,12446.84,12446.84,12446.84,0,0
2017-04-13 00:00:00+05:30,12375.68,12375.68,12375.68,12375.68,0,0
2017-04-17 00:00:00+05:30,12360.11,12360.11,12360.11,12360.11,0,0
2017-04-18 00:00:00+05:30,12313.9,12313.9,12313.9,12313.9,0,0
2017-04-19 00:00:00+05:30,12311.67,12311.67,12311.67,12311.67,0,0
2017-04-20 00:00:00+05:30,12356.2,12356.2,12356.2,12356.2,0,0
2017-04-21 00:00:00+05:30,12333.17,12333.17,12333.17,12333.17,0,0
2017-04-24 00:00:00+05:30,12466.46,12466.46,12466.46,12466.46,0,0
2017-04-25 00:00:00+05:30,12586.34,12586.34,12586.34,12586.34,0,0
2017-04-26 00:00:00+05:30,12647.53,12647.53,12647.53,12647.53,0,0
2017-04-27 00:00:00+05:30,12634.41,12634.41,12634.41,12634.41,0,0
2017-04-28 00:00:00+05:30,12582.88,12582.88,12582.88,12582.88,0,0
2017-05-02 00:00:00+05:30,12596.08,12596.08,12596.08,12596.08,0,0
2017-05-03 00:00:00+05:30,12593.58,12593.58,12593.58,12593.58,0,0
2017-05-04 00:00:00+05:30,12659.51,12659.51,12659.51,12659.51,0,0
2017-05-05 00:00:00+05:30,12558.6,12558.6,12558.6,12558.6,0,0
2017-05-08 00:00:00+05:30,12597.5,12597.5,12597.5,12597.5,0,0
2017-05-09 00:00:00+05:30,12601.23,12601.23,12601.23,12601.23,0,0
2017-05-10 00:00:00+05:30,12723.6,12723.6,12723.6,12723.6,0,0
2017-05-11 00:00:00+05:30,12743.99,12743.99,12743.99,12743.99,0,0
2017-05-12 00:00:00+05:30,12714.97,12714.97,12714.97,12714.97,0,0
2017-05-15 00:00:00+05:30,12775.11,12775.11,12775.11,12775.11,0,0
2017-05-16 00:00:00+05:30,12865.56,12865.56,12865.56,12865.56,0,0
2017-05-17 00:00:00+05:30,12883.83,12883.83,12883.83,12883.83,0,0
2017-05-18 00:00:00+05:30,12753.55,12753.55,12753.55,12753.55,0,0
2017-05-19 00:00:00+05:30,12751.43,12751.43,12751.43,12751.43,0,0
2017-05-22 00:00:00+05:30,12765.48,12765.48,12765.48,12765.48,0,0
2017-05-23 00:00:00+05:30,12695.02,12695.02,12695.02,12695.02,0,0
2017-05-24 00:00:00+05:30,12661.62,12661.62,12661.62,12661.62,0,0
2017-05-25 00:00:00+05:30,12863.38,12863.38,12863.38,12863.38,0,0
2017-05-26 00:00:00+05:30,12981.79,12981.79,12981.79,12981.79,0,0
2017-05-29 00:00:00+05:30,12996.61,12996.61,12996.61,12996.61,0,0
2017-05-30 00:00:00+05:30,13023.19,13023.19,13023.19,13023.19,0,0
2017-05-31 00:00:00+05:30,13018.69,13018.69,13018.69,13018.69,0,0
2017-06-01 00:00:00+05:30,13022.35,13022.35,13022.35,13022.35,0,0
2017-06-02 00:00:00+05:30,13072.98,13072.98,13072.98,13072.98,0,0
2017-06-05 00:00:00+05:30,13116.78,13116.78,13116.78,13116.78,0,0
2017-06-06 00:00:00+05:30,13065.33,13065.33,13065.33,13065.33,0,0
2017-06-07 00:00:00+05:30,13101.62,13101.62,13101.62,13101.62,0,0
2017-06-08 00:00:00+05:30,13079.63,13079.63,13079.63,13079.63,0,0
2017-06-09 00:00:00+05:30,13108.12,13108.12,13108.12,13108.12,0,0
2017-06-12 00:00:00+05:30,13037.83,13037.83,13037.83,13037.83,0,0
2017-06-13 00:00:00+05:30,13030.22,13030.22,13030.22,13030.22,0,0
2017-06-14 00:00:00+05:30,13045.44,13045.44,13045.44,13045.44,0,0
2017-06-15 00:00:00+05:30,12992.34,12992.34,12992.34,12992.34,0,0
2017-06-16 00:00:00+05:30,13005.86,13005.86,13005.86,13005.86,0,0
2017-06-19 00:00:00+05:30,13100.15,13100.15,13100.15,13100.15,0,0
2017-06-20 00:00:00+05:30,13099.92,13099.92,13099.92,13099.92,0,0
2017-06-21 00:00:00+05:30,13072.91,13072.91,13072.91,13072.91,0,0
2017-06-22 00:00:00+05:30,13070.98,13070.98,13070.98,13070.98,0,0
2017-06-23 00:00:00+05:30,12996.3,12996.3,12996.3,12996.3,0,0
2017-06-27 00:00:00+05:30,12910.01,12910.01,12910.01,12910.01,0,0
2017-06-28 00:00:00+05:30,12882.7,12882.7,12882.7,12882.7,0,0
2017-06-29 00:00:00+05:30,12908.13,12908.13,12908.13,12908.13,0,0
2017-06-30 00:00:00+05:30,12932.33,12932.33,12932.33,12932.33,0,0
2017-07-03 00:00:00+05:30,13060.15,13060.15,13060.15,13060.15,0,0
2017-07-04 00:00:00+05:30,13057.86,13057.86,13057.86,13057.86,0,0
2017-07-05 00:00:00+05:30,13091.36,13091.36,13091.36,13091.36,0,0
2017-07-06 00:00:00+05:30,13147.27,13147.27,13147.27,13147.27,0,0
2017-07-07 00:00:00+05:30,13135.35,13135.35,13135.35,13135.35,0,0
2017-07-10 00:00:00+05:30,13278.81,13278.81,13278.81,13278.81,0,0
2017-07-11 00:00:00+05:30,13299.17,13299.17,13299.17,13299.17,0,0
2017-07-12 00:00:00+05:30,13340.24,13340.24,13340.24,13340.24,0,0
2017-07-13 00:00:00+05:30,13452.22,13452.22,13452.22,13452.22,0,0
2017-07-14 00:00:00+05:30,13453.49,13453.49,13453.49,13453.49,0,0
2017-07-17 00:00:00+05:30,13494.64,13494.64,13494.64,13494.64,0,0
2017-07-18 00:00:00+05:30,13374.92,13374.92,13374.92,13374.92,0,0
2017-07-19 00:00:00+05:30,13473.52,13473.52,13473.52,13473.52,0,0
2017-07-20 00:00:00+05:30,13441.11,13441.11,13441.11,13441.11,0,0
2017-07-21 00:00:00+05:30,13498.25,13498.25,13498.25,13498.25,0,0
2017-07-24 00:00:00+05:30,13569.88,13569.88,13569.88,13569.88,0,0
2017-07-25 00:00:00+05:30,13567.66,13567.66,13567.66,13567.66,0,0
2017-07-26 00:00:00+05:30,13644.46,13644.46,13644.46,13644.46,0,0
2017-07-27 00:00:00+05:30,13646.34,13646.34,13646.34,13646.34,0,0
2017-07-28 00:00:00+05:30,13638.1,13638.1,13638.1,13638.1,0,0
2017-07-31 00:00:00+05:30,13724.19,13724.19,13724.19,13724.19,0,0
2017-08-01 00:00:00+05:30,13775.33,13775.33,13775.33,13775.33,0,0
2017-08-02 00:00:00+05:30,13731.63,13731.63,13731.63,13731.63,0,0
2017-08-03 00:00:00+05:30,13639.66,13639.66,13639.66,13639.66,0,0
2017-08-04 00:00:00+05:30,13711.47,13711.47,13711.47,13711.47,0,0
2017-08-07 00:00:00+05:30,13699.21,13699.21,13699.21,13699.21,0,0
2017-08-08 00:00:00+05:30,13591.81,13591.81,13591.81,13591.81,0,0
2017-08-09 00:00:00+05:30,13495.81,13495.81,13495.81,13495.81,0,0
2017-08-10 00:00:00+05:30,13377.05,13377.05,13377.05,13377.05,0,0
2017-08-11 00:00:00+05:30,13234.2,13234.2,13234.2,13234.2,0,0
2017-08-14 00:00:00+05:30,13347.75,13347.75,13347.75,13347.75,0,0
2017-08-16 00:00:00+05:30,13488.33,13488.33,13488.33,13488.33,0,0
2017-08-17 00:00:00+05:30,13497.69,13497.69,13497.69,13497.69,0,0
2017-08-18 00:00:00+05:30,13407.07,13407.07,13407.07,13407.07,0,0
2017-08-21 00:00:00+05:30,13293.88,13293.88,13293.88,13293.88,0,0
2017-08-22 00:00:00+05:30,13309.14,13309.14,13309.14,13309.14,0,0
2017-08-23 00:00:00+05:30,13427.67,13427.67,13427.67,13427.67,0,0
2017-08-24 00:00:00+05:30,13437.45,13437.45,13437.45,13437.45,0,0
2017-08-28 00:00:00+05:30,13513.48,13513.48,13513.48,13513.48,0,0
2017-08-29 00:00:00+05:30,13354.29,13354.29,13354.29,13354.29,0,0
2017-08-30 00:00:00+05:30,13474.73,13474.73,13474.73,13474.73,0,0
2017-08-31 00:00:00+05:30,13521.03,13521.03,13521.03,13521.03,0,0
2017-09-01 00:00:00+05:30,13598.09,13598.09,13598.09,13598.09,0,0
2017-09-04 00:00:00+05:30,13514.16,13514.16,13514.16,13514.16,0,0
2017-09-05 00:00:00+05:30,13568.38,13568.38,13568.38,13568.38,0,0
2017-09-06 00:00:00+05:30,13519.3,13519.3,13519.3,13519.3,0,0
2017-09-07 00:00:00+05:30,13539.91,13539.91,13539.91,13539.91,0,0
2017-09-08 00:00:00+05:30,13546.57,13546.57,13546.57,13546.57,0,0
2017-09-11 00:00:00+05:30,13646.37,13646.37,13646.37,13646.37,0,0
2017-09-12 00:00:00+05:30,13765.03,13765.03,13765.03,13765.03,0,0
2017-09-13 00:00:00+05:30,13746.3,13746.3,13746.3,13746.3,0,0
2017-09-14 00:00:00+05:30,13756.28,13756.28,13756.28,13756.28,0,0
2017-09-15 00:00:00+05:30,13754.62,13754.62,13754.62,13754.62,0,0
2017-09-18 00:00:00+05:30,13848.34,13848.34,13848.34,13848.34,0,0
2017-09-19 00:00:00+05:30,13840.78,13840.78,13840.78,13840.78,0,0
2017-09-20 00:00:00+05:30,13832.04,13832.04,13832.04,13832.04,0,0
2017-09-21 00:00:00+05:30,13806.6,13806.6,13806.6,13806.6,0,0
2017-09-22 00:00:00+05:30,13591.79,13591.79,13591.79,13591.79,0,0
2017-09-25 00:00:00+05:30,13466.53,13466.53,13466.53,13466.53,0,0
2017-09-26 00:00:00+05:30,13465.07,13465.07,13465.07,13465.07,0,0
2017-09-27 00:00:00+05:30,13279.85,13279.85,13279.85,13279.85,0,0
2017-09-28 00:00:00+05:30,13325.16,13325.16,13325.16,13325.16,0,0
2017-09-29 00:00:00+05:30,13351.99,13351.99,13351.99,13351.99,0,0
2017-10-03 00:00:00+05:30,13448.66,13448.66,13448.66,13448.66,0,0
2017-10-04 00:00:00+05:30,13524.27,13524.27,13524.27,13524.27,0,0
2017-10-05 00:00:00+05:30,13488.48,13488.48,13488.48,13488.48,0,0
2017-10-06 00:00:00+05:30,13612.63,13612.63,13612.63,13612.63,0,0
2017-10-09 00:00:00+05:30,13625.0,13625.0,13625.0,13625.0,0,0
2017-10-10 00:00:00+05:30,13663.44,13663.44,13663.44,13663.44,0,0
2017-10-11 00:00:00+05:30,13619.62,13619.62,13619.62,13619.62,0,0
2017-10-12 00:00:00+05:30,13771.84,13771.84,13771.84,13771.84,0,0
2017-10-13 00:00:00+05:30,13868.7,13868.7,13868.7,13868.7,0,0
2017-10-16 00:00:00+05:30,13955.22,13955.22,13955.22,13955.22,0,0
2017-10-17 00:00:00+05:30,13960.09,13960.09,13960.09,13960.09,0,0
2017-10-18 00:00:00+05:30,13927.92,13927.92,13927.92,13927.92,0,0
2017-10-19 00:00:00+05:30,13840.24,13840.24,13840.24,13840.24,0,0
2017-10-23 00:00:00+05:30,13892.48,13892.48,13892.48,13892.48,0,0
2017-10-24 00:00:00+05:30,13923.61,13923.61,13923.61,13923.61,0,0
2017-10-25 00:00:00+05:30,14044.44,14044.44,14044.44,14044.44,0,0
2017-10-26 00:00:00+05:30,14110.5,14110.5,14110.5,14110.5,0,0
2017-10-27 00:00:00+05:30,14082.21,14082.21,14082.21,14082.21,0,0
2017-10-30 00:00:00+05:30,14137.62,14137.62,14137.62,14137.62,0,0
2017-10-31 00:00:00+05:30,14108.55,14108.55,14108.55,14108.55,0,0
2017-11-01 00:00:00+05:30,14255.58,14255.58,14255.58,14255.58,0,0
2017-11-02 00:00:00+05:30,14232.79,14232.79,14232.79,14232.79,0,0
2017-11-03 00:00:00+05:30,14274.97,14274.97,14274.97,14274.97,0,0
2017-11-06 00:00:00+05:30,14274.03,14274.03,14274.03,14274.03,0,0
2017-11-07 00:00:00+05:30,14135.23,14135.23,14135.23,14135.23,0,0
2017-11-08 00:00:00+05:30,14071.02,14071.02,14071.02,14071.02,0,0
2017-11-09 00:00:00+05:30,14078.98,14078.98,14078.98,14078.98,0,0
2017-11-10 00:00:00+05:30,14096.45,14096.45,14096.45,14096.45,0,0
2017-11-13 00:00:00+05:30,13964.26,13964.26,13964.26,13964.26,0,0
2017-11-14 00:00:00+05:30,13911.87,13911.87,13911.87,13911.87,0,0
2017-11-15 00:00:00+05:30,13818.25,13818.25,13818.25,13818.25,0,0
2017-11-16 00:00:00+05:30,13950.33,13950.33,13950.33,13950.33,0,0
2017-11-17 00:00:00+05:30,14044.32,14044.32,14044.32,14044.32,0,0
2017-11-20 00:00:00+05:30,14065.05,14065.05,14065.05,14065.05,0,0
2017-11-21 00:00:00+05:30,14103.64,14103.64,14103.64,14103.64,0,0
2017-11-22 00:00:00+05:30,14124.68,14124.68,14124.68,14124.68,0,0
2017-11-23 00:00:00+05:30,14133.47,14133.47,14133.47,14133.47,0,0
2017-11-24 00:00:00+05:30,14189.41,14189.41,14189.41,14189.41,0,0
2017-11-27 00:00:00+05:30,14202.82,14202.82,14202.82,14202.82,0,0
2017-11-28 00:00:00+05:30,14162.79,14162.79,14162.79,14162.79,0,0
2017-11-29 00:00:00+05:30,14150.6,14150.6,14150.6,14150.6,0,0
2017-11-30 00:00:00+05:30,13966.58,13966.58,13966.58,13966.58,0,0
2017-12-01 00:00:00+05:30,13823.52,13823.52,13823.52,13823.52,0,0
2017-12-04 00:00:00+05:30,13831.66,13831.66,13831.66,13831.66,0,0
2017-12-05 00:00:00+05:30,13818.67,13818.67,13818.67,13818.67,0,0
2017-12-06 00:00:00+05:30,13717.36,13717.36,13717.36,13717.36,0,0
2017-12-07 00:00:00+05:30,13884.82,13884.82,13884.82,13884.82,0,0
2017-12-08 00:00:00+05:30,14019.95,14019.95,14019.95,14019.95,0,0
2017-12-11 00:00:00+05:30,14097.29,14097.29,14097.29,14097.29,0,0
2017-12-12 00:00:00+05:30,13985.11,13985.11,13985.11,13985.11,0,0
2017-12-13 00:00:00+05:30,13920.69,13920.69,13920.69,13920.69,0,0
2017-12-14 00:00:00+05:30,14001.49,14001.49,14001.49,14001.49,0,0
2017-12-15 00:00:00+05:30,14112.3,14112.3,14112.3,14112.3,0,0
2017-12-18 00:00:00+05:30,14188.11,14188.11,14188.11,14188.11,0,0
2017-12-19 00:00:00+05:30,14289.76,14289.76,14289.76,14289.76,0,0
2017-12-20 00:00:00+05:30,14263.81,14263.81,14263.81,14263.81,0,0
2017-12-21 00:00:00+05:30,14258.49,14258.49,14258.49,14258.49,0,0
2017-12-22 00:00:00+05:30,14330.49,14330.49,14330.49,14330.49,0,0
2017-12-26 00:00:00+05:30,14383.04,14383.04,14383.04,14383.04,0,0
2017-12-27 00:00:00+05:30,14327.42,14327.42,14327.42,14327.42,0,0
2017-12-28 00:00:00+05:30,14309.85,14309.85,14309.85,14309.85,0,0
2017-12-29 00:00:00+05:30,14381.92,14381.92,14381.92,14381.92,0,0
2018-01-01 00:00:00+05:30,14252.02,14252.02,14252.02,14252.02,0,0
2018-01-02 00:00:00+05:30,14261.1,14261.1,14261.1,14261.1,0,0
2018-01-03 00:00:00+05:30,14262.48,14262.48,14262.48,14262.48,0,0
2018-01-04 00:00:00+05:30,14346.59,14346.59,14346.59,14346.59,0,0
2018-01-05 00:00:00+05:30,14420.42,14420.42,14420.42,14420.42,0,0
2018-01-08 00:00:00+05:30,14508.81,14508.81,14508.81,14508.81,0,0
2018-01-09 00:00:00+05:30,14527.15,14527.15,14527.15,14527.15,0,0
2018-01-10 00:00:00+05:30,14520.56,14520.56,14520.56,14520.56,0,0
2018-01-11 00:00:00+05:30,14546.49,14546.49,14546.49,14546.49,0,0
2018-01-12 00:00:00+05:30,14587.54,14587.54,14587.54,14587.54,0,0
2018-01-15 00:00:00+05:30,14669.9,14669.9,14669.9,14669.9,0,0
2018-01-16 00:00:00+05:30,14613.79,14613.79,14613.79,14613.79,0,0
2018-01-17 00:00:00+05:30,14734.07,14734.07,14734.07,14734.07,0,0
2018-01-18 00:00:00+05:30,14774.67,14774.67,14774.67,14774.67,0,0
2018-01-19 00:00:00+05:30,14880.8,14880.8,14880.8,14880.8,0,0
2018-01-22 00:00:00+05:30,14979.72,14979.72,14979.72,14979.72,0,0
2018-01-23 00:00:00+05:30,15140.24,15140.24,15140.24,15140.24,0,0
2018-01-24 00:00:00+05:30,15143.35,15143.35,15143.35,15143.35,0,0
2018-01-25 00:00:00+05:30,15121.0,15121.0,15121.0,15121.0,0,0
2018-01-29 00:00:00+05:30,15204.42,15204.42,15204.42,15204.42,0,0
2018-01-30 00:00:00+05:30,15095.42,15095.42,15095.42,15095.42,0,0
2018-01-31 00:00:00+05:30,15065.82,15065.82,15065.82,15065.82,0,0
2018-02-01 00:00:00+05:30,15052.72,15052.72,15052.72,15052.72,0,0
2018-02-02 00:00:00+05:30,14702.49,14702.49,14702.49,14702.49,0,0
2018-02-05 00:00:00+05:30,14574.0,14574.0,14574.0,14574.0,0,0
2018-02-06 00:00:00+05:30,14344.02,14344.02,14344.02,14344.02,0,0
2018-02-07 00:00:00+05:30,14317.57,14317.57,14317.57,14317.57,0,0
2018-02-08 00:00:00+05:30,14463.16,14463.16,14463.16,14463.16,0,0
2018-02-09 00:00:00+05:30,14296.5,14296.5,14296.5,14296.5,0,0
2018-02-12 00:00:00+05:30,14412.46,14412.46,14412.46,14412.46,0,0
2018-02-14 00:00:00+05:30,14359.35,14359.35,14359.35,14359.35,0,0
2018-02-15 00:00:00+05:30,14422.85,14422.85,14422.85,14422.85,0,0
2018-02-16 00:00:00+05:30,14295.41,14295.41,14295.41,14295.41,0,0
2018-02-19 00:00:00+05:30,14194.28,14194.28,14194.28,14194.28,0,0
2018-02-20 00:00:00+05:30,14169.77,14169.77,14169.77,14169.77,0,0
2018-02-21 00:00:00+05:30,14220.48,14220.48,14220.48,14220.48,0,0
2018-02-22 00:00:00+05:30,14204.17,14204.17,14204.17,14204.17,0,0
2018-02-23 00:00:00+05:30,14352.4,14352.4,14352.4,14352.4,0,0
2018-02-26 00:00:00+05:30,14477.62,14477.62,14477.62,14477.62,0,0
2018-02-27 00:00:00+05:30,14438.9,14438.9,14438.9,14438.9,0,0
2018-02-28 00:00:00+05:30,14358.71,14358.71,14358.71,14358.71,0,0
2018-03-01 00:00:00+05:30,14311.52,14311.52,14311.52,14311.52,0,0
2018-03-05 00:00:00+05:30,14175.32,14175.32,14175.32,14175.32,0,0
2018-03-06 00:00:00+05:30,14025.34,14025.34,14025.34,14025.34,0,0
2018-03-07 00:00:00+05:30,13895.27,13895.27,13895.27,13895.27,0,0
2018-03-08 00:00:00+05:30,14016.3,14016.3,14016.3,14016.3,0,0
2018-03-09 00:00:00+05:30,13994.68,13994.68,13994.68,13994.68,0,0
2018-03-12 00:00:00+05:30,14260.92,14260.92,14260.92,14260.92,0,0
2018-03-13 00:00:00+05:30,14270.64,14270.64,14270.64,14270.64,0,0
2018-03-14 00:00:00+05:30,14248.81,14248.81,14248.81,14248.81,0,0
2018-03-15 00:00:00+05:30,14179.36,14179.36,14179.36,14179.36,0,0
2018-03-16 00:00:00+05:30,13961.14,13961.14,13961.14,13961.14,0,0
2018-03-19 00:00:00+05:30,13822.99,13822.99,13822.99,13822.99,0,0
2018-03-20 00:00:00+05:30,13878.17,13878.17,13878.17,13878.17,0,0
2018-03-21 00:00:00+05:30,13920.51,13920.51,13920.51,13920.51,0,0
2018-03-22 00:00:00+05:30,13867.01,13867.01,13867.01,13867.01,0,0
2018-03-23 00:00:00+05:30,13706.99,13706.99,13706.99,13706.99,0,0
2018-03-26 00:00:00+05:30,13888.82,13888.82,13888.82,13888.82,0,0
2018-03-27 00:00:00+05:30,13962.15,13962.15,13962.15,13962.15,0,0
2018-03-28 00:00:00+05:30,13865.57,13865.57,13865.57,13865.57,0,0
2018-04-02 00:00:00+05:30,14000.07,14000.07,14000.07,14000.07,0,0
2018-04-03 00:00:00+05:30,14045.55,14045.55,14045.55,14045.55,0,0
2018-04-04 00:00:00+05:30,13885.72,13885.72,13885.72,13885.72,0,0
2018-04-05 00:00:00+05:30,14155.47,14155.47,14155.47,14155.47,0,0
2018-04-06 00:00:00+05:30,14164.28,14164.28,14164.28,14164.28,0,0
2018-04-09 00:00:00+05:30,14229.77,14229.77,14229.77,14229.77,0,0
2018-04-10 00:00:00+05:30,14261.15,14261.15,14261.15,14261.15,0,0
2018-04-11 00:00:00+05:30,14281.6,14281.6,14281.6,14281.6,0,0
2018-04-12 00:00:00+05:30,14338.46,14338.46,14338.46,14338.46,0,0
2018-04-13 00:00:00+05:30,14368.56,14368.56,14368.56,14368.56,0,0
2018-04-16 00:00:00+05:30,14434.05,14434.05,14434.05,14434.05,0,0
2018-04-17 00:00:00+05:30,14461.97,14461.97,14461.97,14461.97,0,0
2018-04-18 00:00:00+05:30,14431.07,14431.07,14431.07,14431.07,0,0
2018-04-19 00:00:00+05:30,14484.7,14484.7,14484.7,14484.7,0,0
2018-04-20 00:00:00+05:30,14482.97,14482.97,14482.97,14482.97,0,0
2018-04-23 00:00:00+05:30,14511.28,14511.28,14511.28,14511.28,0,0
2018-04-24 00:00:00+05:30,14551.96,14551.96,14551.96,14551.96,0,0
2018-04-25 00:00:00+05:30,14491.88,14491.88,14491.88,14491.88,0,0
2018-04-26 00:00:00+05:30,14556.65,14556.65,14556.65,14556.65,0,0
2018-04-27 00:00:00+05:30,14658.83,14658.83,14658.83,14658.83,0,0
2018-04-30 00:00:00+05:30,14723.32,14723.32,14723.32,14723.32,0,0
2018-05-02 00:00:00+05:30,14695.26,14695.26,14695.26,14695.26,0,0
2018-05-03 00:00:00+05:30,14642.62,14642.62,14642.62,14642.62,0,0
2018-05-04 00:00:00+05:30,14558.42,14558.42,14558.42,14558.42,0,0
2018-05-07 00:00:00+05:30,14691.72,14691.72,14691.72,14691.72,0,0
2018-05-08 00:00:00+05:30,14694.93,14694.93,14694.93,14694.93,0,0
2018-05-09 00:00:00+05:30,14728.03,14728.03,14728.03,14728.03,0,0
2018-05-10 00:00:00+05:30,14693.55,14693.55,14693.55,14693.55,0,0
2018-05-11 00:00:00+05:30,14816.93,14816.93,14816.93,14816.93,0,0
2018-05-14 00:00:00+05:30,14817.01,14817.01,14817.01,14817.01,0,0
2018-05-15 00:00:00+05:30,14810.54,14810.54,14810.54,14810.54,0,0
2018-05-16 00:00:00+05:30,14727.26,14727.26,14727.26,14727.26,0,0
2018-05-17 00:00:00+05:30,14647.15,14647.15,14647.15,14647.15,0,0
2018-05-18 00:00:00+05:30,14528.82,14528.82,14528.82,14528.82,0,0
2018-05-21 00:00:00+05:30,14419.57,14419.57,14419.57,14419.57,0,0
2018-05-22 00:00:00+05:30,14446.97,14446.97,14446.97,14446.97,0,0
2018-05-23 00:00:00+05:30,14301.15,14301.15,14301.15,14301.15,0,0
2018-05-24 00:00:00+05:30,14415.65,14415.65,14415.65,14415.65,0,0
2018-05-25 00:00:00+05:30,14556.18,14556.18,14556.18,14556.18,0,0
2018-05-28 00:00:00+05:30,14670.76,14670.76,14670.76,14670.76,0,0
2018-05-29 00:00:00+05:30,14594.78,14594.78,14594.78,14594.78,0,0
2018-05-30 00:00:00+05:30,14568.75,14568.75,14568.75,14568.75,0,0
2018-05-31 00:00:00+05:30,14750.26,14750.26,14750.26,14750.26,0,0
2018-06-01 00:00:00+05:30,14695.4,14695.4,14695.4,14695.4,0,0
2018-06-04 00:00:00+05:30,14604.11,14604.11,14604.11,14604.11,0,0
2018-06-05 00:00:00+05:30,14555.52,14555.52,14555.52,14555.52,0,0
2018-06-06 00:00:00+05:30,14681.25,14681.25,14681.25,14681.25,0,0
2018-06-07 00:00:00+05:30,14796.24,14796.24,14796.24,14796.24,0,0
2018-06-08 00:00:00+05:30,14795.31,14795.31,14795.31,14795.31,0,0
2018-06-11 00:00:00+05:30,14821.8,14821.8,14821.8,14821.8,0,0
2018-06-12 00:00:00+05:30,14898.66,14898.66,14898.66,14898.66,0,0
2018-06-13 00:00:00+05:30,14917.68,14917.68,14917.68,14917.68,0,0
2018-06-14 00:00:00+05:30,14871.97,14871.97,14871.97,14871.97,0,0
2018-06-15 00:00:00+05:30,14885.3,14885.3,14885.3,14885.3,0,0
2018-06-18 00:00:00+05:30,14860.73,14860.73,14860.73,14860.73,0,0
2018-06-19 00:00:00+05:30,14737.7,14737.7,14737.7,14737.7,0,0
2018-06-20 00:00:00+05:30,14822.46,14822.46,14822.46,14822.46,0,0
2018-06-21 00:00:00+05:30,14782.87,14782.87,14782.87,14782.87,0,0
2018-06-22 00:00:00+05:30,14894.02,14894.02,14894.02,14894.02,0,0
2018-06-25 00:00:00+05:30,14812.28,14812.28,14812.28,14812.28,0,0
2018-06-26 00:00:00+05:30,14821.45,14821.45,14821.45,14821.45,0,0
2018-06-27 00:00:00+05:30,14694.16,14694.16,14694.16,14694.16,0,0
2018-06-28 00:00:00+05:30,14581.53,14581.53,14581.53,14581.53,0,0
2018-06-29 00:00:00+05:30,14753.91,14753.91,14753.91,14753.91,0,0
2018-07-02 00:00:00+05:30,14675.42,14675.42,14675.42,14675.42,0,0
2018-07-03 00:00:00+05:30,14734.11,14734.11,14734.11,14734.11,0,0
2018-07-04 00:00:00+05:30,14830.5,14830.5,14830.5,14830.5,0,0
2018-07-05 00:00:00+05:30,14808.54,14808.54,14808.54,14808.54,0,0
2018-07-06 00:00:00+05:30,14840.13,14840.13,14840.13,14840.13,0,0
2018-07-09 00:00:00+05:30,14951.2,14951.2,14951.2,14951.2,0,0
2018-07-10 00:00:00+05:30,15081.6,15081.6,15081.6,15081.6,0,0
2018-07-11 00:00:00+05:30,15085.15,15085.15,15085.15,15085.15,0,0
2018-07-12 00:00:00+05:30,15190.82,15190.82,15190.82,15190.82,0,0
2018-07-13 00:00:00+05:30,15184.88,15184.88,15184.88,15184.88,0,0
2018-07-16 00:00:00+05:30,15072.66,15072.66,15072.66,15072.66,0,0
2018-07-17 00:00:00+05:30,15172.31,15172.31,15172.31,15172.31,0,0
2018-07-18 00:00:00+05:30,15135.57,15135.57,15135.57,15135.57,0,0
2018-07-19 00:00:00+05:30,15116.83,15116.83,15116.83,15116.83,0,0
2018-07-20 00:00:00+05:30,15190.13,15190.13,15190.13,15190.13,0,0
2018-07-23 00:00:00+05:30,15293.5,15293.5,15293.5,15293.5,0,0
2018-07-24 00:00:00+05:30,15361.88,15361.88,15361.88,15361.88,0,0
2018-07-25 00:00:00+05:30,15358.72,15358.72,15358.72,15358.72,0,0
2018-07-26 00:00:00+05:30,15410.93,15410.93,15410.93,15410.93,0,0
2018-07-27 00:00:00+05:30,15564.19,15564.19,15564.19,15564.19,0,0
2018-07-30 00:00:00+05:30,15621.47,15621.47,15621.47,15621.47,0,0
2018-07-31 00:00:00+05:30,15672.47,15672.47,15672.47,15672.47,0,0
2018-08-01 00:00:00+05:30,15658.27,15658.27,15658.27,15658.27,0,0
2018-08-02 00:00:00+05:30,15520.25,15520.25,15520.25,15520.25,0,0
2018-08-03 00:00:00+05:30,15680.51,15680.51,15680.51,15680.51,0,0
2018-08-06 00:00:00+05:30,15716.78,15716.78,15716.78,15716.78,0,0
2018-08-07 00:00:00+05:30,15720.05,15720.05,15720.05,15720.05,0,0
2018-08-08 00:00:00+05:30,15803.64,15803.64,15803.64,15803.64,0,0
2018-08-09 00:00:00+05:30,15833.23,15833.23,15833.23,15833.23,0,0
2018-08-10 00:00:00+05:30,15776.32,15776.32,15776.32,15776.32,0,0
2018-08-13 00:00:00+05:30,15676.23,15676.23,15676.23,15676.23,0,0
2018-08-14 00:00:00+05:30,15796.36,15796.36,15796.36,15796.36,0,0
2018-08-16 00:00:00+05:30,15727.25,15727.25,15727.25,15727.25,0,0
2018-08-17 00:00:00+05:30,15845.64,15845.64,15845.64,15845.64,0,0
2018-08-20 00:00:00+05:30,15959.04,15959.04,15959.04,15959.04,0,0
2018-08-21 00:00:00+05:30,15985.48,15985.48,15985.48,15985.48,0,0
2018-08-23 00:00:00+05:30,16001.85,16001.85,16001.85,16001.85,0,0
2018-08-24 00:00:00+05:30,15969.8,15969.8,15969.8,15969.8,0,0
2018-08-27 00:00:00+05:30,16156.09,16156.09,16156.09,16156.09,0,0
2018-08-28 00:00:00+05:30,16220.45,16220.45,16220.45,16220.45,0,0
2018-08-29 00:00:00+05:30,16156.02,16156.02,16156.02,16156.02,0,0
2018-08-30 00:00:00+05:30,16135.61,16135.61,16135.61,16135.61,0,0
2018-08-31 00:00:00+05:30,16143.51,16143.51,16143.51,16143.51,0,0
2018-09-03 00:00:00+05:30,16007.84,16007.84,16007.84,16007.84,0,0
2018-09-04 00:00:00+05:30,15922.09,15922.09,15922.09,15922.09,0,0
2018-09-05 00:00:00+05:30,15862.15,15862.15,15862.15,15862.15,0,0
2018-09-06 00:00:00+05:30,15947.67,15947.67,15947.67,15947.67,0,0
2018-09-07 00:00:00+05:30,16019.84,16019.84,16019.84,16019.84,0,0
2018-09-10 00:00:00+05:30,15813.26,15813.26,15813.26,15813.26,0,0
2018-09-11 00:00:00+05:30,15605.11,15605.11,15605.11,15605.11,0,0
2018-09-12 00:00:00+05:30,15719.62,15719.62,15719.62,15719.62,0,0
2018-09-14 00:00:00+05:30,15920.48,15920.48,15920.48,15920.48,0,0
2018-09-17 00:00:00+05:30,15731.26,15731.26,15731.26,15731.26,0,0
2018-09-18 00:00:00+05:30,15594.57,15594.57,15594.57,15594.57,0,0
2018-09-19 00:00:00+05:30,15534.28,15534.28,15534.28,15534.28,0,0
2018-09-21 00:00:00+05:30,15408.16,15408.16,15408.16,15408.16,0,0
2018-09-24 00:00:00+05:30,15165.18,15165.18,15165.18,15165.18,0,0
2018-09-25 00:00:00+05:30,15303.55,15303.55,15303.55,15303.55,0,0
2018-09-26 00:00:00+05:30,15284.67,15284.67,15284.67,15284.67,0,0
2018-09-27 00:00:00+05:30,15179.24,15179.24,15179.24,15179.24,0,0
2018-09-28 00:00:00+05:30,15114.08,15114.08,15114.08,15114.08,0,0
2018-10-01 00:00:00+05:30,15221.75,15221.75,15221.75,15221.75,0,0
2018-10-03 00:00:00+05:30,15014.23,15014.23,15014.23,15014.23,0,0
2018-10-04 00:00:00+05:30,14656.09,14656.09,14656.09,14656.09,0,0
2018-10-05 00:00:00+05:30,14265.08,14265.08,14265.08,14265.08,0,0
2018-10-08 00:00:00+05:30,14308.79,14308.79,14308.79,14308.79,0,0
2018-10-09 00:00:00+05:30,14243.79,14243.79,14243.79,14243.79,0,0
2018-10-10 00:00:00+05:30,14463.71,14463.71,14463.71,14463.71,0,0
2018-10-11 00:00:00+05:30,14152.0,14152.0,14152.0,14152.0,0,0
2018-10-12 00:00:00+05:30,14480.86,14480.86,14480.86,14480.86,0,0
2018-10-15 00:00:00+05:30,14536.17,14536.17,14536.17,14536.17,0,0
2018-10-16 00:00:00+05:30,14636.1,14636.1,14636.1,14636.1,0,0
2018-10-17 00:00:00+05:30,14453.94,14453.94,14453.94,14453.94,0,0
2018-10-19 00:00:00+05:30,14247.22,14247.22,14247.22,14247.22,0,0
2018-10-22 00:00:00+05:30,14166.64,14166.64,14166.64,14166.64,0,0
2018-10-23 00:00:00+05:30,14031.96,14031.96,14031.96,14031.96,0,0
2018-10-24 00:00:00+05:30,14139.75,14139.75,14139.75,14139.75,0,0
2018-10-25 00:00:00+05:30,14014.33,14014.33,14014.33,14014.33,0,0
2018-10-26 00:00:00+05:30,13882.95,13882.95,13882.95,13882.95,0,0
2018-10-29 00:00:00+05:30,14189.11,14189.11,14189.11,14189.11,0,0
2018-10-30 00:00:00+05:30,14116.91,14116.91,14116.91,14116.91,0,0
2018-10-31 00:00:00+05:30,14377.38,14377.38,14377.38,14377.38,0,0
2018-11-01 00:00:00+05:30,14371.1,14371.1,14371.1,14371.1,0,0
2018-11-02 00:00:00+05:30,14609.96,14609.96,14609.96,14609.96,0,0
2018-11-05 00:00:00+05:30,14570.98,14570.98,14570.98,14570.98,0,0
2018-11-06 00:00:00+05:30,14579.28,14579.28,14579.28,14579.28,0,0
2018-11-07 00:00:00+05:30,14673.98,14673.98,14673.98,14673.98,0,0
2018-11-09 00:00:00+05:30,14655.69,14655.69,14655.69,14655.69,0,0
2018-11-12 00:00:00+05:30,14513.12,14513.12,14513.12,14513.12,0,0
2018-11-13 00:00:00+05:30,14651.98,14651.98,14651.98,14651.98,0,0
2018-11-14 00:00:00+05:30,14643.42,14643.42,14643.42,14643.42,0,0
2018-11-15 00:00:00+05:30,14699.33,14699.33,14699.33,14699.33,0,0
2018-11-16 00:00:00+05:30,14790.05,14790.05,14790.05,14790.05,0,0
2018-11-19 00:00:00+05:30,14902.44,14902.44,14902.44,14902.44,0,0
2018-11-20 00:00:00+05:30,14754.03,14754.03,14754.03,14754.03,0,0
2018-11-21 00:00:00+05:30,14676.29,14676.29,14676.29,14676.29,0,0
2018-11-22 00:00:00+05:30,14574.82,14574.82,14574.82,14574.82,0,0
2018-11-26 00:00:00+05:30,14715.81,14715.81,14715.81,14715.81,0,0
2018-11-27 00:00:00+05:30,14794.7,14794.7,14794.7,14794.7,0,0
2018-11-28 00:00:00+05:30,14854.61,14854.61,14854.61,14854.61,0,0
2018-11-29 00:00:00+05:30,15034.36,15034.36,15034.36,15034.36,0,0
2018-11-30 00:00:00+05:30,15059.37,15059.37,15059.37,15059.37,0,0
2018-12-03 00:00:00+05:30,15069.07,15069.07,15069.07,15069.07,0,0
2018-12-04 00:00:00+05:30,15049.32,15049.32,15049.32,15049.32,0,0
2018-12-05 00:00:00+05:30,14929.43,14929.43,14929.43,14929.43,0,0
2018-12-06 00:00:00+05:30,14677.79,14677.79,14677.79,14677.79,0,0
2018-12-07 00:00:00+05:30,14805.93,14805.93,14805.93,14805.93,0,0
2018-12-10 00:00:00+05:30,14521.73,14521.73,14521.73,14521.73,0,0
2018-12-11 00:00:00+05:30,14605.79,14605.79,14605.79,14605.79,0,0
2018-12-12 00:00:00+05:30,14866.71,14866.71,14866.71,14866.71,0,0
2018-12-13 00:00:00+05:30,14941.4,14941.4,14941.4,14941.4,0,0
2018-12-14 00:00:00+05:30,14960.64,14960.64,14960.64,14960.64,0,0
2018-12-17 00:00:00+05:30,15075.46,15075.46,15075.46,15075.46,0,0
2018-12-18 00:00:00+05:30,15103.63,15103.63,15103.63,15103.63,0,0
2018-12-19 00:00:00+05:30,15184.78,15184.78,15184.78,15184.78,0,0
2018-12-20 00:00:00+05:30,15163.14,15163.14,15163.14,15163.14,0,0
2018-12-21 00:00:00+05:30,14894.42,14894.42,14894.42,14894.42,0,0
2018-12-24 00:00:00+05:30,14769.13,14769.13,14769.13,14769.13,0,0
2018-12-26 00:00:00+05:30,14860.97,14860.97,14860.97,14860.97,0,0
2018-12-27 00:00:00+05:30,14930.18,14930.18,14930.18,14930.18,0,0
2018-12-28 00:00:00+05:30,15045.34,15045.34,15045.34,15045.34,0,0
2018-12-31 00:00:00+05:30,15048.98,15048.98,15048.98,15048.98,0,0
2019-01-01 00:00:00+05:30,15114.9,15114.9,15114.9,15114.9,0,0
2019-01-02 00:00:00+05:30,14951.96,14951.96,14951.96,14951.96,0,0
2019-01-03 00:00:00+05:30,14785.38,14785.38,14785.38,14785.38,0,0
2019-01-04 00:00:00+05:30,14861.69,14861.69,14861.69,14861.69,0,0
2019-01-07 00:00:00+05:30,14923.27,14923.27,14923.27,14923.27,0,0
2019-01-08 00:00:00+05:30,14965.34,14965.34,14965.34,14965.34,0,0
2019-01-09 00:00:00+05:30,15038.74,15038.74,15038.74,15038.74,0,0
2019-01-10 00:00:00+05:30,14992.23,14992.23,14992.23,14992.23,0,0
2019-01-11 00:00:00+05:30,14955.33,14955.33,14955.33,14955.33,0,0
2019-01-14 00:00:00+05:30,14875.92,14875.92,14875.92,14875.92,0,0
2019-01-15 00:00:00+05:30,15082.59,15082.59,15082.59,15082.59,0,0
2019-01-16 00:00:00+05:30,15087.41,15087.41,15087.41,15087.41,0,0
2019-01-17 00:00:00+05:30,15109.54,15109.54,15109.54,15109.54,0,0
2019-01-18 00:00:00+05:30,15111.95,15111.95,15111.95,15111.95,0,0
2019-01-21 00:00:00+05:30,15188.0,15188.0,15188.0,15188.0,0,0
2019-01-22 00:00:00+05:30,15133.83,15133.83,15133.83,15133.83,0,0
2019-01-23 00:00:00+05:30,15007.4,15007.4,15007.4,15007.4,0,0
2019-01-24 00:00:00+05:30,15038.07,15038.07,15038.07,15038.07,0,0
2019-01-25 00:00:00+05:30,14942.09,14942.09,14942.09,14942.09,0,0
2019-01-28 00:00:00+05:30,14777.11,14777.11,14777.11,14777.11,0,0
2019-01-29 00:00:00+05:30,14764.59,14764.59,14764.59,14764.59,0,0
2019-01-30 00:00:00+05:30,14764.02,14764.02,14764.02,14764.02,0,0
2019-01-31 00:00:00+05:30,15012.34,15012.34,15012.34,15012.34,0,0
2019-02-01 00:00:00+05:30,15099.21,15099.21,15099.21,15099.21,0,0
2019-02-04 00:00:00+05:30,15125.02,15125.02,15125.02,15125.02,0,0
2019-02-05 00:00:00+05:30,15155.99,15155.99,15155.99,15155.99,0,0
2019-02-06 00:00:00+05:30,15337.8,15337.8,15337.8,15337.8,0,0
2019-02-07 00:00:00+05:30,15347.41,15347.41,15347.41,15347.41,0,0
2019-02-08 00:00:00+05:30,15173.02,15173.02,15173.02,15173.02,0,0
2019-02-11 00:00:00+05:30,15100.61,15100.61,15100.61,15100.61,0,0
2019-02-12 00:00:00+05:30,15023.02,15023.02,15023.02,15023.02,0,0
2019-02-13 00:00:00+05:30,14970.62,14970.62,14970.62,14970.62,0,0
2019-02-14 00:00:00+05:30,14906.26,14906.26,14906.26,14906.26,0,0
2019-02-15 00:00:00+05:30,14876.27,14876.27,14876.27,14876.27,0,0
2019-02-18 00:00:00+05:30,14760.48,14760.48,14760.48,14760.48,0,0
2019-02-19 00:00:00+05:30,14709.75,14709.75,14709.75,14709.75,0,0
2019-02-20 00:00:00+05:30,14891.6,14891.6,14891.6,14891.6,0,0
2019-02-21 00:00:00+05:30,14970.12,14970.12,14970.12,14970.12,0,0
2019-02-22 00:00:00+05:30,14972.58,14972.58,14972.58,14972.58,0,0
2019-02-25 00:00:00+05:30,15095.33,15095.33,15095.33,15095.33,0,0
2019-02-26 00:00:00+05:30,15033.15,15033.15,15033.15,15033.15,0,0
2019-02-27 00:00:00+05:30,14993.45,14993.45,14993.45,14993.45,0,0
2019-02-28 00:00:00+05:30,14979.39,14979.39,14979.39,14979.39,0,0
2019-03-01 00:00:00+05:30,15077.91,15077.91,15077.91,15077.91,0,0
2019-03-05 00:00:00+05:30,15249.97,15249.97,15249.97,15249.97,0,0
2019-03-06 00:00:00+05:30,15340.93,15340.93,15340.93,15340.93,0,0
2019-03-07 00:00:00+05:30,15348.14,15348.14,15348.14,15348.14,0,0
2019-03-08 00:00:00+05:30,15316.51,15316.51,15316.51,15316.51,0,0
2019-03-11 00:00:00+05:30,15500.61,15500.61,15500.61,15500.61,0,0
2019-03-12 00:00:00+05:30,15685.41,15685.41,15685.41,15685.41,0,0
2019-03-13 00:00:00+05:30,15742.86,15742.86,15742.86,15742.86,0,0
2019-03-14 00:00:00+05:30,15749.67,15749.67,15749.67,15749.67,0,0
2019-03-15 00:00:00+05:30,15867.74,15867.74,15867.74,15867.74,0,0
2019-03-18 00:00:00+05:30,15916.8,15916.8,15916.8,15916.8,0,0
2019-03-19 00:00:00+05:30,16014.33,16014.33,16014.33,16014.33,0,0
2019-03-20 00:00:00+05:30,15998.51,15998.51,15998.51,15998.51,0,0
2019-03-22 00:00:00+05:30,15912.88,15912.88,15912.88,15912.88,0,0
2019-03-25 00:00:00+05:30,15770.26,15770.26,15770.26,15770.26,0,0
2019-03-26 00:00:00+05:30,15949.46,15949.46,15949.46,15949.46,0,0
2019-03-27 00:00:00+05:30,15897.65,15897.65,15897.65,15897.65,0,0
2019-03-28 00:00:00+05:30,16071.26,16071.26,16071.26,16071.26,0,0
2019-03-29 00:00:00+05:30,16146.11,16146.11,16146.11,16146.11,0,0
2019-04-01 00:00:00+05:30,16208.94,16208.94,16208.94,16208.94,0,0
2019-04-02 00:00:00+05:30,16270.13,16270.13,16270.13,16270.13,0,0
2019-04-03 00:00:00+05:30,16173.92,16173.92,16173.92,16173.92,0,0
2019-04-04 00:00:00+05:30,16110.09,16110.09,16110.09,16110.09,0,0
2019-04-05 00:00:00+05:30,16204.48,16204.48,16204.48,16204.48,0,0
2019-04-08 00:00:00+05:30,16119.14,16119.14,16119.14,16119.14,0,0
2019-04-09 00:00:00+05:30,16212.81,16212.81,16212.81,16212.81,0,0
2019-04-10 00:00:00+05:30,16091.08,16091.08,16091.08,16091.08,0,0
2019-04-11 00:00:00+05:30,16108.32,16108.32,16108.32,16108.32,0,0
2019-04-12 00:00:00+05:30,16173.27,16173.27,16173.27,16173.27,0,0
2019-04-15 00:00:00+05:30,16238.41,16238.41,16238.41,16238.41,0,0
2019-04-16 00:00:00+05:30,16372.86,16372.86,16372.86,16372.86,0,0
2019-04-18 00:00:00+05:30,16325.13,16325.13,16325.13,16325.13,0,0
2019-04-22 00:00:00+05:30,16105.19,16105.19,16105.19,16105.19,0,0
2019-04-23 00:00:00+05:30,16079.51,16079.51,16079.51,16079.51,0,0
2019-04-24 00:00:00+05:30,16288.16,16288.16,16288.16,16288.16,0,0
2019-04-25 00:00:00+05:30,16170.98,16170.98,16170.98,16170.98,0,0
2019-04-26 00:00:00+05:30,16327.7,16327.7,16327.7,16327.7,0,0
2019-04-30 00:00:00+05:30,16318.66,16318.66,16318.66,16318.66,0,0
2019-05-02 00:00:00+05:30,16286.18,16286.18,16286.18,16286.18,0,0
2019-05-03 00:00:00+05:30,16268.79,16268.79,16268.79,16268.79,0,0
2019-05-06 00:00:00+05:30,16110.44,16110.44,16110.44,16110.44,0,0
2019-05-07 00:00:00+05:30,15974.41,15974.41,15974.41,15974.41,0,0
2019-05-08 00:00:00+05:30,15782.09,15782.09,15782.09,15782.09,0,0
2019-05-09 00:00:00+05:30,15701.95,15701.95,15701.95,15701.95,0,0
2019-05-10 00:00:00+05:30,15670.18,15670.18,15670.18,15670.18,0,0
2019-05-13 00:00:00+05:30,15488.6,15488.6,15488.6,15488.6,0,0
2019-05-14 00:00:00+05:30,15591.19,15591.19,15591.19,15591.19,0,0
2019-05-15 00:00:00+05:30,15500.82,15500.82,15500.82,15500.82,0,0
2019-05-16 00:00:00+05:30,15640.22,15640.22,15640.22,15640.22,0,0
2019-05-17 00:00:00+05:30,15848.71,15848.71,15848.71,15848.71,0,0
2019-05-20 00:00:00+05:30,16433.77,16433.77,16433.77,16433.77,0,0
2019-05-21 00:00:00+05:30,16268.26,16268.26,16268.26,16268.26,0,0
2019-05-22 00:00:00+05:30,16325.28,16325.28,16325.28,16325.28,0,0
2019-05-23 00:00:00+05:30,16212.78,16212.78,16212.78,16212.78,0,0
2019-05-24 00:00:00+05:30,16472.95,16472.95,16472.95,16472.95,0,0
2019-05-27 00:00:00+05:30,16585.13,16585.13,16585.13,16585.13,0,0
2019-05-28 00:00:00+05:30,16591.7,16591.7,16591.7,16591.7,0,0
2019-05-29 00:00:00+05:30,16497.62,16497.62,16497.62,16497.62,0,0
2019-05-30 00:00:00+05:30,16615.59,16615.59,16615.59,16615.59,0,0
2019-05-31 00:00:00+05:30,16583.46,16583.46,16583.46,16583.46,0,0
2019-06-03 00:00:00+05:30,16815.25,16815.25,16815.25,16815.25,0,0
2019-06-04 00:00:00+05:30,16728.74,16728.74,16728.74,16728.74,0,0
2019-06-06 00:00:00+05:30,16481.14,16481.14,16481.14,16481.14,0,0
2019-06-07 00:00:00+05:30,16518.62,16518.62,16518.62,16518.62,0,0
2019-06-10 00:00:00+05:30,16590.99,16590.99,16590.99,16590.99,0,0
2019-06-11 00:00:00+05:30,16650.75,16650.75,16650.75,16650.75,0,0
2019-06-12 00:00:00+05:30,16568.09,16568.09,16568.09,16568.09,0,0
2019-06-13 00:00:00+05:30,16593.97,16593.97,16593.97,16593.97,0,0
2019-06-14 00:00:00+05:30,16467.55,16467.55,16467.55,16467.55,0,0
2019-06-17 00:00:00+05:30,16257.06,16257.06,16257.06,16257.06,0,0
2019-06-18 00:00:00+05:30,16283.98,16283.98,16283.98,16283.98,0,0
2019-06-19 00:00:00+05:30,16283.94,16283.94,16283.94,16283.94,0,0
2019-06-20 00:00:00+05:30,16493.65,16493.65,16493.65,16493.65,0,0
2019-06-21 00:00:00+05:30,16343.59,16343.59,16343.59,16343.59,0,0
2019-06-24 00:00:00+05:30,16309.52,16309.52,16309.52,16309.52,0,0
2019-06-25 00:00:00+05:30,16444.46,16444.46,16444.46,16444.46,0,0
2019-06-26 00:00:00+05:30,16515.68,16515.68,16515.68,16515.68,0,0
2019-06-27 00:00:00+05:30,16507.34,16507.34,16507.34,16507.34,0,0
2019-06-28 00:00:00+05:30,16433.85,16433.85,16433.85,16433.85,0,0
2019-07-01 00:00:00+05:30,16540.88,16540.88,16540.88,16540.88,0,0
2019-07-02 00:00:00+05:30,16603.17,16603.17,16603.17,16603.17,0,0
2019-07-03 00:00:00+05:30,16612.16,16612.16,16612.16,16612.16,0,0
2019-07-04 00:00:00+05:30,16658.04,16658.04,16658.04,16658.04,0,0
2019-07-05 00:00:00+05:30,16468.99,16468.99,16468.99,16468.99,0,0
2019-07-08 00:00:00+05:30,16118.27,16118.27,16118.27,16118.27,0,0
2019-07-09 00:00:00+05:30,16114.46,16114.46,16114.46,16114.46,0,0
2019-07-10 00:00:00+05:30,16035.44,16035.44,16035.44,16035.44,0,0
2019-07-11 00:00:00+05:30,16155.78,16155.78,16155.78,16155.78,0,0
2019-07-12 00:00:00+05:30,16113.75,16113.75,16113.75,16113.75,0,0
2019-07-15 00:00:00+05:30,16165.28,16165.28,16165.28,16165.28,0,0
2019-07-16 00:00:00+05:30,16272.08,16272.08,16272.08,16272.08,0,0
2019-07-17 00:00:00+05:30,16306.82,16306.82,16306.82,16306.82,0,0
2019-07-18 00:00:00+05:30,16183.16,16183.16,16183.16,16183.16,0,0
2019-07-19 00:00:00+05:30,15945.55,15945.55,15945.55,15945.55,0,0
2019-07-22 00:00:00+05:30,15845.74,15845.74,15845.74,15845.74,0,0
2019-07-23 00:00:00+05:30,15824.55,15824.55,15824.55,15824.55,0,0
2019-07-24 00:00:00+05:30,15749.37,15749.37,15749.37,15749.37,0,0
2019-07-25 00:00:00+05:30,15725.6,15725.6,15725.6,15725.6,0,0
2019-07-26 00:00:00+05:30,15770.63,15770.63,15770.63,15770.63,0,0
2019-07-29 00:00:00+05:30,15638.42,15638.42,15638.42,15638.42,0,0
2019-07-30 00:00:00+05:30,15493.33,15493.33,15493.33,15493.33,0,0
2019-07-31 00:00:00+05:30,15539.43,15539.43,15539.43,15539.43,0,0
2019-08-01 00:00:00+05:30,15350.83,15350.83,15350.83,15350.83,0,0
2019-08-02 00:00:00+05:30,15382.73,15382.73,15382.73,15382.73,0,0
2019-08-05 00:00:00+05:30,15194.27,15194.27,15194.27,15194.27,0,0
2019-08-06 00:00:00+05:30,15314.03,15314.03,15314.03,15314.03,0,0
2019-08-07 00:00:00+05:30,15184.34,15184.34,15184.34,15184.34,0,0
2019-08-08 00:00:00+05:30,15434.73,15434.73,15434.73,15434.73,0,0
2019-08-09 00:00:00+05:30,15542.72,15542.72,15542.72,15542.72,0,0
2019-08-13 00:00:00+05:30,15289.35,15289.35,15289.35,15289.35,0,0
2019-08-14 00:00:00+05:30,15438.86,15438.86,15438.86,15438.86,0,0
2019-08-16 00:00:00+05:30,15464.58,15464.58,15464.58,15464.58,0,0
2019-08-19 00:00:00+05:30,15476.07,15476.07,15476.07,15476.07,0,0
2019-08-20 00:00:00+05:30,15425.45,15425.45,15425.45,15425.45,0,0
2019-08-21 00:00:00+05:30,15290.85,15290.85,15290.85,15290.85,0,0
2019-08-22 00:00:00+05:30,15045.62,15045.62,15045.62,15045.62,0,0
2019-08-23 00:00:00+05:30,15168.88,15168.88,15168.88,15168.88,0,0
2019-08-26 00:00:00+05:30,15488.96,15488.96,15488.96,15488.96,0,0
2019-08-27 00:00:00+05:30,15555.44,15555.44,15555.44,15555.44,0,0
2019-08-28 00:00:00+05:30,15472.44,15472.44,15472.44,15472.44,0,0
2019-08-29 00:00:00+05:30,15335.45,15335.45,15335.45,15335.45,0,0
2019-08-30 00:00:00+05:30,15440.47,15440.47,15440.47,15440.47,0,0
2019-09-03 00:00:00+05:30,15124.8,15124.8,15124.8,15124.8,0,0
2019-09-04 00:00:00+05:30,15190.3,15190.3,15190.3,15190.3,0,0
2019-09-05 00:00:00+05:30,15194.86,15194.86,15194.86,15194.86,0,0
2019-09-06 00:00:00+05:30,15332.57,15332.57,15332.57,15332.57,0,0
2019-09-09 00:00:00+05:30,15412.14,15412.14,15412.14,15412.14,0,0
2019-09-11 00:00:00+05:30,15457.9,15457.9,15457.9,15457.9,0,0
2019-09-12 00:00:00+05:30,15383.82,15383.82,15383.82,15383.82,0,0
2019-09-13 00:00:00+05:30,15514.2,15514.2,15514.2,15514.2,0,0
2019-09-16 00:00:00+05:30,15412.83,15412.83,15412.83,15412.83,0,0
2019-09-17 00:00:00+05:30,15152.39,15152.39,15152.39,15152.39,0,0
2019-09-18 00:00:00+05:30,15184.69,15184.69,15184.69,15184.69,0,0
2019-09-19 00:00:00+05:30,14994.39,14994.39,14994.39,14994.39,0,0
2019-09-20 00:00:00+05:30,15791.99,15791.99,15791.99,15791.99,0,0
2019-09-23 00:00:00+05:30,16248.62,16248.62,16248.62,16248.62,0,0
2019-09-24 00:00:00+05:30,16231.83,16231.83,16231.83,16231.83,0,0
2019-09-25 00:00:00+05:30,16024.49,16024.49,16024.49,16024.49,0,0
2019-09-26 00:00:00+05:30,16207.96,16207.96,16207.96,16207.96,0,0
2019-09-27 00:00:00+05:30,16125.65,16125.65,16125.65,16125.65,0,0
2019-09-30 00:00:00+05:30,16072.5,16072.5,16072.5,16072.5,0,0
2019-10-01 00:00:00+05:30,15912.03,15912.03,15912.03,15912.03,0,0
2019-10-03 00:00:00+05:30,15847.7,15847.7,15847.7,15847.7,0,0
2019-10-04 00:00:00+05:30,15652.7,15652.7,15652.7,15652.7,0,0
2019-10-07 00:00:00+05:30,15584.94,15584.94,15584.94,15584.94,0,0
2019-10-09 00:00:00+05:30,15846.77,15846.77,15846.77,15846.77,0,0
2019-10-10 00:00:00+05:30,15736.44,15736.44,15736.44,15736.44,0,0
2019-10-11 00:00:00+05:30,15835.17,15835.17,15835.17,15835.17,0,0
2019-10-14 00:00:00+05:30,15885.74,15885.74,15885.74,15885.74,0,0
2019-10-15 00:00:00+05:30,16007.83,16007.83,16007.83,16007.83,0,0
2019-10-16 00:00:00+05:30,16057.85,16057.85,16057.85,16057.85,0,0
2019-10-17 00:00:00+05:30,16245.31,16245.31,16245.31,16245.31,0,0
2019-10-18 00:00:00+05:30,16351.16,16351.16,16351.16,16351.16,0,0
2019-10-22 00:00:00+05:30,16248.11,16248.11,16248.11,16248.11,0,0
2019-10-23 00:00:00+05:30,16282.84,16282.84,16282.84,16282.84,0,0
2019-10-24 00:00:00+05:30,16252.63,16252.63,16252.63,16252.63,0,0
2019-10-25 00:00:00+05:30,16254.45,16254.45,16254.45,16254.45,0,0
2019-10-27 00:00:00+05:30,16315.17,16315.17,16315.17,16315.17,0,0
2019-10-29 00:00:00+05:30,16539.23,16539.23,16539.23,16539.23,0,0
2019-10-30 00:00:00+05:30,16620.07,16620.07,16620.07,16620.07,0,0
2019-10-31 00:00:00+05:30,16667.29,16667.29,16667.29,16667.29,0,0
2019-11-01 00:00:00+05:30,16685.73,16685.73,16685.73,16685.73,0,0
2019-11-04 00:00:00+05:30,16756.87,16756.87,16756.87,16756.87,0,0
2019-11-05 00:00:00+05:30,16723.06,16723.06,16723.06,16723.06,0,0
2019-11-06 00:00:00+05:30,16791.61,16791.61,16791.61,16791.61,0,0
2019-11-07 00:00:00+05:30,16856.17,16856.17,16856.17,16856.17,0,0
2019-11-08 00:00:00+05:30,16710.37,16710.37,16710.37,16710.37,0,0
2019-11-11 00:00:00+05:30,16717.75,16717.75,16717.75,16717.75,0,0
2019-11-13 00:00:00+05:30,16615.37,16615.37,16615.37,16615.37,0,0
2019-11-14 00:00:00+05:30,16659.78,16659.78,16659.78,16659.78,0,0
2019-11-15 00:00:00+05:30,16692.52,16692.52,16692.52,16692.52,0,0
2019-11-18 00:00:00+05:30,16677.14,16677.14,16677.14,16677.14,0,0
2019-11-19 00:00:00+05:30,16755.15,16755.15,16755.15,16755.15,0,0
2019-11-20 00:00:00+05:30,16837.96,16837.96,16837.96,16837.96,0,0
2019-11-21 00:00:00+05:30,16794.86,16794.86,16794.86,16794.86,0,0
2019-11-22 00:00:00+05:30,16719.11,16719.11,16719.11,16719.11,0,0
2019-11-25 00:00:00+05:30,16942.7,16942.7,16942.7,16942.7,0,0
2019-11-26 00:00:00+05:30,16892.15,16892.15,16892.15,16892.15,0,0
2019-11-27 00:00:00+05:30,16980.54,16980.54,16980.54,16980.54,0,0
2019-11-28 00:00:00+05:30,17051.31,17051.31,17051.31,17051.31,0,0
2019-11-29 00:00:00+05:30,16917.89,16917.89,16917.89,16917.89,0,0
2019-12-02 00:00:00+05:30,16906.88,16906.88,16906.88,16906.88,0,0
2019-12-03 00:00:00+05:30,16831.11,16831.11,16831.11,16831.11,0,0
2019-12-04 00:00:00+05:30,16899.88,16899.88,16899.88,16899.88,0,0
2019-12-05 00:00:00+05:30,16865.04,16865.04,16865.04,16865.04,0,0
2019-12-06 00:00:00+05:30,16729.08,16729.08,16729.08,16729.08,0,0
2019-12-09 00:00:00+05:30,16751.53,16751.53,16751.53,16751.53,0,0
2019-12-10 00:00:00+05:30,16638.94,16638.94,16638.94,16638.94,0,0
2019-12-11 00:00:00+05:30,16713.79,16713.79,16713.79,16713.79,0,0
2019-12-12 00:00:00+05:30,16800.36,16800.36,16800.36,16800.36,0,0
2019-12-13 00:00:00+05:30,16961.56,16961.56,16961.56,16961.56,0,0
2019-12-16 00:00:00+05:30,16915.65,16915.65,16915.65,16915.65,0,0
2019-12-17 00:00:00+05:30,17071.49,17071.49,17071.49,17071.49,0,0
2019-12-18 00:00:00+05:30,17150.93,17150.93,17150.93,17150.93,0,0
2019-12-19 00:00:00+05:30,17205.12,17205.12,17205.12,17205.12,0,0
2019-12-20 00:00:00+05:30,17222.14,17222.14,17222.14,17222.14,0,0
2019-12-23 00:00:00+05:30,17209.4,17209.4,17209.4,17209.4,0,0
2019-12-24 00:00:00+05:30,17141.8,17141.8,17141.8,17141.8,0,0
2019-12-26 00:00:00+05:30,17018.26,17018.26,17018.26,17018.26,0,0
2019-12-27 00:00:00+05:30,17185.66,17185.66,17185.66,17185.66,0,0
2019-12-30 00:00:00+05:30,17199.73,17199.73,17199.73,17199.73,0,0
2019-12-31 00:00:00+05:30,17077.06,17077.06,17077.06,17077.06,0,0
2020-01-01 00:00:00+05:30,17096.83,17096.83,17096.83,17096.83,0,0
2020-01-02 00:00:00+05:30,17236.7,17236.7,17236.7,17236.7,0,0
2020-01-03 00:00:00+05:30,17158.75,17158.75,17158.75,17158.75,0,0
2020-01-06 00:00:00+05:30,16830.93,16830.93,16830.93,16830.93,0,0
2020-01-07 00:00:00+05:30,16915.03,16915.03,16915.03,16915.03,0,0
2020-01-08 00:00:00+05:30,16876.24,16876.24,16876.24,16876.24,0,0
2020-01-09 00:00:00+05:30,17143.65,17143.65,17143.65,17143.65,0,0
2020-01-10 00:00:00+05:30,17201.08,17201.08,17201.08,17201.08,0,0
2020-01-13 00:00:00+05:30,17303.2,17303.2,17303.2,17303.2,0,0
2020-01-14 00:00:00+05:30,17349.12,17349.12,17349.12,17349.12,0,0
2020-01-15 00:00:00+05:30,17322.5,17322.5,17322.5,17322.5,0,0
2020-01-16 00:00:00+05:30,17339.57,17339.57,17339.57,17339.57,0,0
2020-01-17 00:00:00+05:30,17335.2,17335.2,17335.2,17335.2,0,0
2020-01-20 00:00:00+05:30,17155.83,17155.83,17155.83,17155.83,0,0
2020-01-21 00:00:00+05:30,17079.07,17079.07,17079.07,17079.07,0,0
2020-01-22 00:00:00+05:30,16990.68,16990.68,16990.68,16990.68,0,0
2020-01-23 00:00:00+05:30,17095.61,17095.61,17095.61,17095.61,0,0
2020-01-24 00:00:00+05:30,17192.15,17192.15,17192.15,17192.15,0,0
2020-01-27 00:00:00+05:30,17010.7,17010.7,17010.7,17010.7,0,0
2020-01-28 00:00:00+05:30,16922.01,16922.01,16922.01,16922.01,0,0
2020-01-29 00:00:00+05:30,17025.46,17025.46,17025.46,17025.46,0,0
2020-01-30 00:00:00+05:30,16893.91,16893.91,16893.91,16893.91,0,0
2020-01-31 00:00:00+05:30,16790.45,16790.45,16790.45,16790.45,0,0
2020-02-01 00:00:00+05:30,16369.0,16369.0,16369.0,16369.0,0,0
2020-02-03 00:00:00+05:30,16433.65,16433.65,16433.65,16433.65,0,0
2020-02-04 00:00:00+05:30,16815.12,16815.12,16815.12,16815.12,0,0
2020-02-05 00:00:00+05:30,16968.83,16968.83,16968.83,16968.83,0,0
2020-02-06 00:00:00+05:30,17037.28,17037.28,17037.28,17037.28,0,0
2020-02-07 00:00:00+05:30,16981.75,16981.75,16981.75,16981.75,0,0
2020-02-10 00:00:00+05:30,16887.86,16887.86,16887.86,16887.86,0,0
2020-02-11 00:00:00+05:30,16995.1,16995.1,16995.1,16995.1,0,0
2020-02-12 00:00:00+05:30,17126.07,17126.07,17126.07,17126.07,0,0
2020-02-13 00:00:00+05:30,17088.84,17088.84,17088.84,17088.84,0,0
2020-02-14 00:00:00+05:30,17002.89,17002.89,17002.89,17002.89,0,0
2020-02-17 00:00:00+05:30,16911.92,16911.92,16911.92,16911.92,0,0
2020-02-18 00:00:00+05:30,16837.08,16837.08,16837.08,16837.08,0,0
2020-02-19 00:00:00+05:30,17024.41,17024.41,17024.41,17024.41,0,0
2020-02-20 00:00:00+05:30,16961.16,16961.16,16961.16,16961.16,0,0
2020-02-24 00:00:00+05:30,16608.12,16608.12,16608.12,16608.12,0,0
2020-02-25 00:00:00+05:30,16563.91,16563.91,16563.91,16563.91,0,0
2020-02-26 00:00:00+05:30,16396.23,16396.23,16396.23,16396.23,0,0
2020-02-27 00:00:00+05:30,16332.81,16332.81,16332.81,16332.81,0,0
2020-02-28 00:00:00+05:30,15726.92,15726.92,15726.92,15726.92,0,0
2020-03-02 00:00:00+05:30,15632.14,15632.14,15632.14,15632.14,0,0
2020-03-03 00:00:00+05:30,15878.98,15878.98,15878.98,15878.98,0,0
2020-03-04 00:00:00+05:30,15805.53,15805.53,15805.53,15805.53,0,0
2020-03-05 00:00:00+05:30,15833.21,15833.21,15833.21,15833.21,0,0
2020-03-06 00:00:00+05:30,15440.48,15440.48,15440.48,15440.48,0,0
2020-03-09 00:00:00+05:30,14684.56,14684.56,14684.56,14684.56,0,0
2020-03-11 00:00:00+05:30,14694.31,14694.31,14694.31,14694.31,0,0
2020-03-12 00:00:00+05:30,13474.38,13474.38,13474.38,13474.38,0,0
2020-03-13 00:00:00+05:30,13987.31,13987.31,13987.31,13987.31,0,0
2020-03-16 00:00:00+05:30,12928.18,12928.18,12928.18,12928.18,0,0
2020-03-17 00:00:00+05:30,12604.41,12604.41,12604.41,12604.41,0,0
2020-03-18 00:00:00+05:30,11904.02,11904.02,11904.02,11904.02,0,0
2020-03-19 00:00:00+05:30,11620.92,11620.92,11620.92,11620.92,0,0
2020-03-20 00:00:00+05:30,12298.74,12298.74,12298.74,12298.74,0,0
2020-03-23 00:00:00+05:30,10710.41,10710.41,10710.41,10710.41,0,0
2020-03-24 00:00:00+05:30,10983.15,10983.15,10983.15,10983.15,0,0
2020-03-25 00:00:00+05:30,11710.71,11710.71,11710.71,11710.71,0,0
2020-03-26 00:00:00+05:30,12167.15,12167.15,12167.15,12167.15,0,0
2020-03-27 00:00:00+05:30,12193.62,12193.62,12193.62,12193.62,0,0
2020-03-30 00:00:00+05:30,11659.76,11659.76,11659.76,11659.76,0,0
2020-03-31 00:00:00+05:30,12105.66,12105.66,12105.66,12105.66,0,0
2020-04-01 00:00:00+05:30,11621.35,11621.35,11621.35,11621.35,0,0
2020-04-03 00:00:00+05:30,11382.02,11382.02,11382.02,11382.02,0,0
2020-04-07 00:00:00+05:30,12379.42,12379.42,12379.42,12379.42,0,0
2020-04-08 00:00:00+05:30,12318.25,12318.25,12318.25,12318.25,0,0
2020-04-09 00:00:00+05:30,12829.57,12829.57,12829.57,12829.57,0,0
2020-04-13 00:00:00+05:30,12663.31,12663.31,12663.31,12663.31,0,0
2020-04-15 00:00:00+05:30,12566.85,12566.85,12566.85,12566.85,0,0
2020-04-16 00:00:00+05:30,12661.83,12661.83,12661.83,12661.83,0,0
2020-04-17 00:00:00+05:30,13047.57,13047.57,13047.57,13047.57,0,0
2020-04-20 00:00:00+05:30,13040.65,13040.65,13040.65,13040.65,0,0
2020-04-21 00:00:00+05:30,12645.91,12645.91,12645.91,12645.91,0,0
2020-04-22 00:00:00+05:30,12935.73,12935.73,12935.73,12935.73,0,0
2020-04-23 00:00:00+05:30,13113.97,13113.97,13113.97,13113.97,0,0
2020-04-24 00:00:00+05:30,12889.39,12889.39,12889.39,12889.39,0,0
2020-04-27 00:00:00+05:30,13069.49,13069.49,13069.49,13069.49,0,0
2020-04-28 00:00:00+05:30,13208.29,13208.29,13208.29,13208.29,0,0
2020-04-29 00:00:00+05:30,13452.51,13452.51,13452.51,13452.51,0,0
2020-04-30 00:00:00+05:30,13884.18,13884.18,13884.18,13884.18,0,0
2020-05-04 00:00:00+05:30,13086.63,13086.63,13086.63,13086.63,0,0
2020-05-05 00:00:00+05:30,12963.99,12963.99,12963.99,12963.99,0,0
2020-05-06 00:00:00+05:30,13055.99,13055.99,13055.99,13055.99,0,0
2020-05-07 00:00:00+05:30,12954.81,12954.81,12954.81,12954.81,0,0
2020-05-08 00:00:00+05:30,13028.62,13028.62,13028.62,13028.62,0,0
2020-05-11 00:00:00+05:30,13011.35,13011.35,13011.35,13011.35,0,0
2020-05-12 00:00:00+05:30,12951.29,12951.29,12951.29,12951.29,0,0
2020-05-13 00:00:00+05:30,13214.58,13214.58,13214.58,13214.58,0,0
2020-05-14 00:00:00+05:30,12875.51,12875.51,12875.51,12875.51,0,0
2020-05-15 00:00:00+05:30,12867.16,12867.16,12867.16,12867.16,0,0
2020-05-18 00:00:00+05:30,12425.57,12425.57,12425.57,12425.57,0,0
2020-05-19 00:00:00+05:30,12504.22,12504.22,12504.22,12504.22,0,0
2020-05-20 00:00:00+05:30,12768.2,12768.2,12768.2,12768.2,0,0
2020-05-21 00:00:00+05:30,12824.12,12824.12,12824.12,12824.12,0,0
2020-05-22 00:00:00+05:30,12729.74,12729.74,12729.74,12729.74,0,0
2020-05-26 00:00:00+05:30,12715.39,12715.39,12715.39,12715.39,0,0
2020-05-27 00:00:00+05:30,13117.99,13117.99,13117.99,13117.99,0,0
2020-05-28 00:00:00+05:30,13364.65,13364.65,13364.65,13364.65,0,0
2020-05-29 00:00:00+05:30,13503.45,13503.45,13503.45,13503.45,0,0
2020-06-01 00:00:00+05:30,13850.0,13850.0,13850.0,13850.0,0,0
2020-06-02 00:00:00+05:30,14065.56,14065.56,14065.56,14065.56,0,0
2020-06-03 00:00:00+05:30,14183.95,14183.95,14183.95,14183.95,0,0
2020-06-04 00:00:00+05:30,14138.19,14138.19,14138.19,14138.19,0,0
2020-06-05 00:00:00+05:30,14297.55,14297.55,14297.55,14297.55,0,0
2020-06-08 00:00:00+05:30,14333.2,14333.2,14333.2,14333.2,0,0
2020-06-09 00:00:00+05:30,14162.9,14162.9,14162.9,14162.9,0,0
2020-06-10 00:00:00+05:30,14260.91,14260.91,14260.91,14260.91,0,0
2020-06-11 00:00:00+05:30,13959.73,13959.73,13959.73,13959.73,0,0
2020-06-12 00:00:00+05:30,14059.69,14059.69,14059.69,14059.69,0,0
2020-06-15 00:00:00+05:30,13835.27,13835.27,13835.27,13835.27,0,0
2020-06-16 00:00:00+05:30,13976.63,13976.63,13976.63,13976.63,0,0
2020-06-17 00:00:00+05:30,13930.35,13930.35,13930.35,13930.35,0,0
2020-06-18 00:00:00+05:30,14227.14,14227.14,14227.14,14227.14,0,0
2020-06-19 00:00:00+05:30,14445.87,14445.87,14445.87,14445.87,0,0
2020-06-22 00:00:00+05:30,14540.07,14540.07,14540.07,14540.07,0,0
2020-06-23 00:00:00+05:30,14765.36,14765.36,14765.36,14765.36,0,0
2020-06-24 00:00:00+05:30,14531.72,14531.72,14531.72,14531.72,0,0
2020-06-25 00:00:00+05:30,14508.61,14508.61,14508.61,14508.61,0,0
2020-06-26 00:00:00+05:30,14641.26,14641.26,14641.26,14641.26,0,0
2020-06-29 00:00:00+05:30,14541.76,14541.76,14541.76,14541.76,0,0
2020-06-30 00:00:00+05:30,14527.18,14527.18,14527.18,14527.18,0,0
2020-07-01 00:00:00+05:30,14707.64,14707.64,14707.64,14707.64,0,0
2020-07-02 00:00:00+05:30,14886.06,14886.06,14886.06,14886.06,0,0
2020-07-03 00:00:00+05:30,14964.59,14964.59,14964.59,14964.59,0,0
2020-07-06 00:00:00+05:30,15185.78,15185.78,15185.78,15185.78,0,0
2020-07-07 00:00:00+05:30,15236.58,15236.58,15236.58,15236.58,0,0
2020-07-08 00:00:00+05:30,15104.09,15104.09,15104.09,15104.09,0,0
2020-07-09 00:00:00+05:30,15268.19,15268.19,15268.19,15268.19,0,0
2020-07-10 00:00:00+05:30,15204.13,15204.13,15204.13,15204.13,0,0
2020-07-13 00:00:00+05:30,15254.09,15254.09,15254.09,15254.09,0,0
2020-07-14 00:00:00+05:30,14978.23,14978.23,14978.23,14978.23,0,0
2020-07-15 00:00:00+05:30,14993.52,14993.52,14993.52,14993.52,0,0
2020-07-16 00:00:00+05:30,15167.99,15167.99,15167.99,15167.99,0,0
2020-07-17 00:00:00+05:30,15396.44,15396.44,15396.44,15396.44,0,0
2020-07-20 00:00:00+05:30,15566.56,15566.56,15566.56,15566.56,0,0
2020-07-21 00:00:00+05:30,15764.41,15764.41,15764.41,15764.41,0,0
2020-07-22 00:00:00+05:30,15722.51,15722.51,15722.51,15722.51,0,0
2020-07-23 00:00:00+05:30,15841.48,15841.48,15841.48,15841.48,0,0
2020-07-24 00:00:00+05:30,15811.4,15811.4,15811.4,15811.4,0,0
2020-07-27 00:00:00+05:30,15723.39,15723.39,15723.39,15723.39,0,0
2020-07-28 00:00:00+05:30,15961.7,15961.7,15961.7,15961.7,0,0
2020-07-29 00:00:00+05:30,15824.19,15824.19,15824.19,15824.19,0,0
2020-07-30 00:00:00+05:30,15685.92,15685.92,15685.92,15685.92,0,0
2020-07-31 00:00:00+05:30,15645.34,15645.34,15645.34,15645.34,0,0
2020-08-03 00:00:00+05:30,15388.98,15388.98,15388.98,15388.98,0,0
2020-08-04 00:00:00+05:30,15676.74,15676.74,15676.74,15676.74,0,0
2020-08-05 00:00:00+05:30,15689.69,15689.69,15689.69,15689.69,0,0
2020-08-06 00:00:00+05:30,15833.02,15833.02,15833.02,15833.02,0,0
2020-08-07 00:00:00+05:30,15852.65,15852.65,15852.65,15852.65,0,0
2020-08-10 00:00:00+05:30,15931.97,15931.97,15931.97,15931.97,0,0
2020-08-11 00:00:00+05:30,16005.99,16005.99,16005.99,16005.99,0,0
2020-08-12 00:00:00+05:30,15986.03,15986.03,15986.03,15986.03,0,0
2020-08-13 00:00:00+05:30,15981.73,15981.73,15981.73,15981.73,0,0
2020-08-14 00:00:00+05:30,15809.17,15809.17,15809.17,15809.17,0,0
2020-08-17 00:00:00+05:30,15906.29,15906.29,15906.29,15906.29,0,0
2020-08-18 00:00:00+05:30,16101.86,16101.86,16101.86,16101.86,0,0
2020-08-19 00:00:00+05:30,16135.89,16135.89,16135.89,16135.89,0,0
2020-08-20 00:00:00+05:30,15999.86,15999.86,15999.86,15999.86,0,0
2020-08-21 00:00:00+05:30,16083.84,16083.84,16083.84,16083.84,0,0
2020-08-24 00:00:00+05:30,16218.02,16218.02,16218.02,16218.02,0,0
2020-08-25 00:00:00+05:30,16226.2,16226.2,16226.2,16226.2,0,0
2020-08-26 00:00:00+05:30,16339.41,16339.41,16339.41,16339.41,0,0
2020-08-27 00:00:00+05:30,16353.08,16353.08,16353.08,16353.08,0,0
2020-08-28 00:00:00+05:30,16478.01,16478.01,16478.01,16478.01,0,0
2020-08-31 00:00:00+05:30,16110.07,16110.07,16110.07,16110.07,0,0
2020-09-01 00:00:00+05:30,16227.14,16227.14,16227.14,16227.14,0,0
2020-09-02 00:00:00+05:30,16322.17,16322.17,16322.17,16322.17,0,0
2020-09-03 00:00:00+05:30,16311.99,16311.99,16311.99,16311.99,0,0
2020-09-04 00:00:00+05:30,16038.07,16038.07,16038.07,16038.07,0,0
2020-09-07 00:00:00+05:30,16068.06,16068.06,16068.06,16068.06,0,0
2020-09-08 00:00:00+05:30,16014.67,16014.67,16014.67,16014.67,0,0
2020-09-09 00:00:00+05:30,15958.99,15958.99,15958.99,15958.99,0,0
2020-09-10 00:00:00+05:30,16201.44,16201.44,16201.44,16201.44,0,0
2020-09-11 00:00:00+05:30,16222.92,16222.92,16222.92,16222.92,0,0
2020-09-14 00:00:00+05:30,16189.14,16189.14,16189.14,16189.14,0,0
2020-09-15 00:00:00+05:30,16304.84,16304.84,16304.84,16304.84,0,0
2020-09-16 00:00:00+05:30,16421.95,16421.95,16421.95,16421.95,0,0
2020-09-17 00:00:00+05:30,16296.78,16296.78,16296.78,16296.78,0,0
2020-09-18 00:00:00+05:30,16281.0,16281.0,16281.0,16281.0,0,0
2020-09-21 00:00:00+05:30,15920.99,15920.99,15920.99,15920.99,0,0
2020-09-22 00:00:00+05:30,15783.87,15783.87,15783.87,15783.87,0,0
2020-09-23 00:00:00+05:30,15752.97,15752.97,15752.97,15752.97,0,0
2020-09-24 00:00:00+05:30,15291.25,15291.25,15291.25,15291.25,0,0
2020-09-25 00:00:00+05:30,15637.53,15637.53,15637.53,15637.53,0,0
2020-09-28 00:00:00+05:30,15888.44,15888.44,15888.44,15888.44,0,0
2020-09-29 00:00:00+05:30,15881.16,15881.16,15881.16,15881.16,0,0
2020-09-30 00:00:00+05:30,15916.72,15916.72,15916.72,15916.72,0,0
2020-10-01 00:00:00+05:30,16156.44,16156.44,16156.44,16156.44,0,0
2020-10-05 00:00:00+05:30,16278.72,16278.72,16278.72,16278.72,0,0
2020-10-06 00:00:00+05:30,16503.77,16503.77,16503.77,16503.77,0,0
2020-10-07 00:00:00+05:30,16611.96,16611.96,16611.96,16611.96,0,0
2020-10-08 00:00:00+05:30,16747.48,16747.48,16747.48,16747.48,0,0
2020-10-09 00:00:00+05:30,16860.11,16860.11,16860.11,16860.11,0,0
2020-10-12 00:00:00+05:30,16883.84,16883.84,16883.84,16883.84,0,0
2020-10-13 00:00:00+05:30,16888.87,16888.87,16888.87,16888.87,0,0
2020-10-14 00:00:00+05:30,16944.73,16944.73,16944.73,16944.73,0,0
2020-10-15 00:00:00+05:30,16533.24,16533.24,16533.24,16533.24,0,0
2020-10-16 00:00:00+05:30,16649.46,16649.46,16649.46,16649.46,0,0
2020-10-19 00:00:00+05:30,16805.97,16805.97,16805.97,16805.97,0,0
2020-10-20 00:00:00+05:30,16839.6,16839.6,16839.6,16839.6,0,0
2020-10-21 00:00:00+05:30,16897.43,16897.43,16897.43,16897.43,0,0
2020-10-22 00:00:00+05:30,16840.52,16840.52,16840.52,16840.52,0,0
2020-10-23 00:00:00+05:30,16902.96,16902.96,16902.96,16902.96,0,0
2020-10-26 00:00:00+05:30,16672.62,16672.62,16672.62,16672.62,0,0
2020-10-27 00:00:00+05:30,16844.96,16844.96,16844.96,16844.96,0,0
2020-10-28 00:00:00+05:30,16623.13,16623.13,16623.13,16623.13,0,0
2020-10-29 00:00:00+05:30,16544.45,16544.45,16544.45,16544.45,0,0
2020-10-30 00:00:00+05:30,16504.16,16504.16,16504.16,16504.16,0,0
2020-11-02 00:00:00+05:30,16542.08,16542.08,16542.08,16542.08,0,0
2020-11-03 00:00:00+05:30,16746.75,16746.75,16746.75,16746.75,0,0
2020-11-04 00:00:00+05:30,16888.65,16888.65,16888.65,16888.65,0,0
2020-11-05 00:00:00+05:30,17189.03,17189.03,17189.03,17189.03,0,0
2020-11-06 00:00:00+05:30,17392.14,17392.14,17392.14,17392.14,0,0
2020-11-09 00:00:00+05:30,17672.25,17672.25,17672.25,17672.25,0,0
2020-11-10 00:00:00+05:30,17913.4,17913.4,17913.4,17913.4,0,0
2020-11-11 00:00:00+05:30,18080.84,18080.84,18080.84,18080.84,0,0
2020-11-12 00:00:00+05:30,17998.11,17998.11,17998.11,17998.11,0,0
2020-11-13 00:00:00+05:30,18039.44,18039.44,18039.44,18039.44,0,0
2020-11-14 00:00:00+05:30,18124.93,18124.93,18124.93,18124.93,0,0
2020-11-17 00:00:00+05:30,18258.23,18258.23,18258.23,18258.23,0,0
2020-11-18 00:00:00+05:30,18349.02,18349.02,18349.02,18349.02,0,0
2020-11-19 00:00:00+05:30,18112.83,18112.83,18112.83,18112.83,0,0
2020-11-20 00:00:00+05:30,18236.68,18236.68,18236.68,18236.68,0,0
2020-11-23 00:00:00+05:30,18332.33,18332.33,18332.33,18332.33,0,0
2020-11-24 00:00:00+05:30,18514.82,18514.82,18514.82,18514.82,0,0
2020-11-25 00:00:00+05:30,18235.76,18235.76,18235.76,18235.76,0,0
2020-11-26 00:00:00+05:30,18418.16,18418.16,18418.16,18418.16,0,0
2020-11-27 00:00:00+05:30,18392.54,18392.54,18392.54,18392.54,0,0
2020-12-01 00:00:00+05:30,18591.25,18591.25,18591.25,18591.25,0,0
2020-12-02 00:00:00+05:30,18597.9,18597.9,18597.9,18597.9,0,0
2020-12-03 00:00:00+05:30,18626.53,18626.53,18626.53,18626.53,0,0
2020-12-04 00:00:00+05:30,18803.27,18803.27,18803.27,18803.27,0,0
2020-12-07 00:00:00+05:30,18941.15,18941.15,18941.15,18941.15,0,0
2020-12-08 00:00:00+05:30,18993.86,18993.86,18993.86,18993.86,0,0
2020-12-09 00:00:00+05:30,19186.95,19186.95,19186.95,19186.95,0,0
2020-12-10 00:00:00+05:30,19114.96,19114.96,19114.96,19114.96,0,0
2020-12-11 00:00:00+05:30,19165.33,19165.33,19165.33,19165.33,0,0
2020-12-14 00:00:00+05:30,19228.16,19228.16,19228.16,19228.16,0,0
2020-12-15 00:00:00+05:30,19241.9,19241.9,19241.9,19241.9,0,0
2020-12-16 00:00:00+05:30,19404.8,19404.8,19404.8,19404.8,0,0
2020-12-17 00:00:00+05:30,19491.3,19491.3,19491.3,19491.3,0,0
2020-12-18 00:00:00+05:30,19519.42,19519.42,19519.42,19519.42,0,0
2020-12-21 00:00:00+05:30,18906.45,18906.45,18906.45,18906.45,0,0
2020-12-22 00:00:00+05:30,19102.06,19102.06,19102.06,19102.06,0,0
2020-12-23 00:00:00+05:30,19293.26,19293.26,19293.26,19293.26,0,0
2020-12-24 00:00:00+05:30,19503.4,19503.4,19503.4,19503.4,0,0
2020-12-28 00:00:00+05:30,19679.24,19679.24,19679.24,19679.24,0,0
2020-12-29 00:00:00+05:30,19763.51,19763.51,19763.51,19763.51,0,0
2020-12-30 00:00:00+05:30,19833.53,19833.53,19833.53,19833.53,0,0
2020-12-31 00:00:00+05:30,19833.19,19833.19,19833.19,19833.19,0,0
2021-01-01 00:00:00+05:30,19885.36,19885.36,19885.36,19885.36,0,0
2021-01-04 00:00:00+05:30,20047.61,20047.61,20047.61,20047.61,0,0
2021-01-05 00:00:00+05:30,20142.13,20142.13,20142.13,20142.13,0,0
2021-01-06 00:00:00+05:30,20066.56,20066.56,20066.56,20066.56,0,0
2021-01-07 00:00:00+05:30,20053.97,20053.97,20053.97,20053.97,0,0
2021-01-08 00:00:00+05:30,20351.67,20351.67,20351.67,20351.67,0,0
2021-01-11 00:00:00+05:30,20546.74,20546.74,20546.74,20546.74,0,0
2021-01-12 00:00:00+05:30,20658.34,20658.34,20658.34,20658.34,0,0
2021-01-13 00:00:00+05:30,20660.35,20660.35,20660.35,20660.35,0,0
2021-01-14 00:00:00+05:30,20706.07,20706.07,20706.07,20706.07,0,0
2021-01-15 00:00:00+05:30,20476.38,20476.38,20476.38,20476.38,0,0
2021-01-18 00:00:00+05:30,20260.18,20260.18,20260.18,20260.18,0,0
2021-01-19 00:00:00+05:30,20600.41,20600.41,20600.41,20600.41,0,0
2021-01-20 00:00:00+05:30,20775.67,20775.67,20775.67,20775.67,0,0
2021-01-21 00:00:00+05:30,20700.02,20700.02,20700.02,20700.02,0,0
2021-01-22 00:00:00+05:30,20390.57,20390.57,20390.57,20390.57,0,0
2021-01-25 00:00:00+05:30,20201.9,20201.9,20201.9,20201.9,0,0
2021-01-27 00:00:00+05:30,19818.34,19818.34,19818.34,19818.34,0,0
2021-01-28 00:00:00+05:30,19605.59,19605.59,19605.59,19605.59,0,0
2021-01-29 00:00:00+05:30,19346.03,19346.03,19346.03,19346.03,0,0
2021-02-01 00:00:00+05:30,20263.44,20263.44,20263.44,20263.44,0,0
2021-02-02 00:00:00+05:30,20783.69,20783.69,20783.69,20783.69,0,0
2021-02-03 00:00:00+05:30,20985.32,20985.32,20985.32,20985.32,0,0
2021-02-04 00:00:00+05:30,21135.31,21135.31,21135.31,21135.31,0,0
2021-02-05 00:00:00+05:30,21175.89,21175.89,21175.89,21175.89,0,0
2021-02-08 00:00:00+05:30,21447.64,21447.64,21447.64,21447.64,0,0
2021-02-09 00:00:00+05:30,21440.42,21440.42,21440.42,21440.42,0,0
2021-02-10 00:00:00+05:30,21436.44,21436.44,21436.44,21436.44,0,0
2021-02-11 00:00:00+05:30,21536.0,21536.0,21536.0,21536.0,0,0
2021-02-12 00:00:00+05:30,21521.82,21521.82,21521.82,21521.82,0,0
2021-02-15 00:00:00+05:30,21739.69,21739.69,21739.69,21739.69,0,0
2021-02-16 00:00:00+05:30,21737.9,21737.9,21737.9,21737.9,0,0
2021-02-17 00:00:00+05:30,21595.82,21595.82,21595.82,21595.82,0,0
2021-02-18 00:00:00+05:30,21468.11,21468.11,21468.11,21468.11,0,0
2021-02-19 00:00:00+05:30,21273.28,21273.28,21273.28,21273.28,0,0
2021-02-22 00:00:00+05:30,20853.12,20853.12,20853.12,20853.12,0,0
2021-02-23 00:00:00+05:30,20898.75,20898.75,20898.75,20898.75,0,0
2021-02-24 00:00:00+05:30,21288.35,21288.35,21288.35,21288.35,0,0
2021-02-25 00:00:00+05:30,21452.24,21452.24,21452.24,21452.24,0,0
2021-02-26 00:00:00+05:30,20644.88,20644.88,20644.88,20644.88,0,0
2021-03-01 00:00:00+05:30,20975.08,20975.08,20975.08,20975.08,0,0
2021-03-02 00:00:00+05:30,21198.93,21198.93,21198.93,21198.93,0,0
2021-03-03 00:00:00+05:30,21662.92,21662.92,21662.92,21662.92,0,0
2021-03-04 00:00:00+05:30,21428.63,21428.63,21428.63,21428.63,0,0
2021-03-05 00:00:00+05:30,21225.94,21225.94,21225.94,21225.94,0,0
2021-03-08 00:00:00+05:30,21255.06,21255.06,21255.06,21255.06,0,0
2021-03-09 00:00:00+05:30,21457.17,21457.17,21457.17,21457.17,0,0
2021-03-10 00:00:00+05:30,21565.72,21565.72,21565.72,21565.72,0,0
2021-03-12 00:00:00+05:30,21361.29,21361.29,21361.29,21361.29,0,0
2021-03-15 00:00:00+05:30,21220.59,21220.59,21220.59,21220.59,0,0
2021-03-16 00:00:00+05:30,21193.46,21193.46,21193.46,21193.46,0,0
2021-03-17 00:00:00+05:30,20924.61,20924.61,20924.61,20924.61,0,0
2021-03-18 00:00:00+05:30,20692.34,20692.34,20692.34,20692.34,0,0
2021-03-19 00:00:00+05:30,20956.87,20956.87,20956.87,20956.87,0,0
2021-03-22 00:00:00+05:30,20947.65,20947.65,20947.65,20947.65,0,0
2021-03-23 00:00:00+05:30,21061.52,21061.52,21061.52,21061.52,0,0
2021-03-24 00:00:00+05:30,20684.27,20684.27,20684.27,20684.27,0,0
2021-03-25 00:00:00+05:30,20366.42,20366.42,20366.42,20366.42,0,0
2021-03-26 00:00:00+05:30,20625.79,20625.79,20625.79,20625.79,0,0
2021-03-30 00:00:00+05:30,21106.06,21106.06,21106.06,21106.06,0,0
2021-03-31 00:00:00+05:30,20886.52,20886.52,20886.52,20886.52,0,0
2021-04-01 00:00:00+05:30,21137.69,21137.69,21137.69,21137.69,0,0
2021-04-05 00:00:00+05:30,20811.61,20811.61,20811.61,20811.61,0,0
2021-04-06 00:00:00+05:30,20876.57,20876.57,20876.57,20876.57,0,0
2021-04-07 00:00:00+05:30,21069.32,21069.32,21069.32,21069.32,0,0
2021-04-08 00:00:00+05:30,21149.59,21149.59,21149.59,21149.59,0,0
2021-04-09 00:00:00+05:30,21094.17,21094.17,21094.17,21094.17,0,0
2021-04-12 00:00:00+05:30,20348.99,20348.99,20348.99,20348.99,0,0
2021-04-13 00:00:00+05:30,20624.86,20624.86,20624.86,20624.86,0,0
2021-04-15 00:00:00+05:30,20733.88,20733.88,20733.88,20733.88,0,0
2021-04-16 00:00:00+05:30,20785.61,20785.61,20785.61,20785.61,0,0
2021-04-19 00:00:00+05:30,20418.16,20418.16,20418.16,20418.16,0,0
2021-04-20 00:00:00+05:30,20328.55,20328.55,20328.55,20328.55,0,0
2021-04-22 00:00:00+05:30,20484.63,20484.63,20484.63,20484.63,0,0
2021-04-23 00:00:00+05:30,20392.44,20392.44,20392.44,20392.44,0,0
2021-04-26 00:00:00+05:30,20596.72,20596.72,20596.72,20596.72,0,0
2021-04-27 00:00:00+05:30,20835.67,20835.67,20835.67,20835.67,0,0
2021-04-28 00:00:00+05:30,21136.41,21136.41,21136.41,21136.41,0,0
2021-04-29 00:00:00+05:30,21186.3,21186.3,21186.3,21186.3,0,0
2021-04-30 00:00:00+05:30,20811.13,20811.13,20811.13,20811.13,0,0
2021-05-03 00:00:00+05:30,20815.43,20815.43,20815.43,20815.43,0,0
2021-05-04 00:00:00+05:30,20619.62,20619.62,20619.62,20619.62,0,0
2021-05-05 00:00:00+05:30,20792.24,20792.24,20792.24,20792.24,0,0
2021-05-06 00:00:00+05:30,20944.41,20944.41,20944.41,20944.41,0,0
2021-05-07 00:00:00+05:30,21084.26,21084.26,21084.26,21084.26,0,0
2021-05-10 00:00:00+05:30,21253.8,21253.8,21253.8,21253.8,0,0
2021-05-11 00:00:00+05:30,21123.53,21123.53,21123.53,21123.53,0,0
2021-05-12 00:00:00+05:30,20904.13,20904.13,20904.13,20904.13,0,0
2021-05-14 00:00:00+05:30,20877.56,20877.56,20877.56,20877.56,0,0
2021-05-17 00:00:00+05:30,21226.53,21226.53,21226.53,21226.53,0,0
2021-05-18 00:00:00+05:30,21489.56,21489.56,21489.56,21489.56,0,0
2021-05-19 00:00:00+05:30,21378.71,21378.71,21378.71,21378.71,0,0
2021-05-20 00:00:00+05:30,21202.21,21202.21,21202.21,21202.21,0,0
2021-05-21 00:00:00+05:30,21585.18,21585.18,21585.18,21585.18,0,0
2021-05-24 00:00:00+05:30,21617.03,21617.03,21617.03,21617.03,0,0
2021-05-25 00:00:00+05:30,21639.04,21639.04,21639.04,21639.04,0,0
2021-05-26 00:00:00+05:30,21771.35,21771.35,21771.35,21771.35,0,0
2021-05-27 00:00:00+05:30,21823.14,21823.14,21823.14,21823.14,0,0
2021-05-28 00:00:00+05:30,21962.31,21962.31,21962.31,21962.31,0,0
2021-05-31 00:00:00+05:30,22203.59,22203.59,22203.59,22203.59,0,0
2021-06-01 00:00:00+05:30,22192.25,22192.25,22192.25,22192.25,0,0
2021-06-02 00:00:00+05:30,22194.18,22194.18,22194.18,22194.18,0,0
2021-06-03 00:00:00+05:30,22361.86,22361.86,22361.86,22361.86,0,0
2021-06-04 00:00:00+05:30,22333.23,22333.23,22333.23,22333.23,0,0
2021-06-07 00:00:00+05:30,22449.24,22449.24,22449.24,22449.24,0,0
2021-06-08 00:00:00+05:30,22432.77,22432.77,22432.77,22432.77,0,0
2021-06-09 00:00:00+05:30,22283.52,22283.52,22283.52,22283.52,0,0
2021-06-10 00:00:00+05:30,22448.94,22448.94,22448.94,22448.94,0,0
2021-06-11 00:00:00+05:30,22544.26,22544.26,22544.26,22544.26,0,0
2021-06-14 00:00:00+05:30,22567.11,22567.11,22567.11,22567.11,0,0
2021-06-15 00:00:00+05:30,22649.05,22649.05,22649.05,22649.05,0,0
2021-06-16 00:00:00+05:30,22503.9,22503.9,22503.9,22503.9,0,0
2021-06-17 00:00:00+05:30,22401.65,22401.65,22401.65,22401.65,0,0
2021-06-18 00:00:00+05:30,22390.11,22390.11,22390.11,22390.11,0,0
2021-06-21 00:00:00+05:30,22480.3,22480.3,22480.3,22480.3,0,0
2021-06-22 00:00:00+05:30,22517.74,22517.74,22517.74,22517.74,0,0
2021-06-23 00:00:00+05:30,22395.25,22395.25,22395.25,22395.25,0,0
2021-06-24 00:00:00+05:30,22544.26,22544.26,22544.26,22544.26,0,0
2021-06-25 00:00:00+05:30,22644.06,22644.06,22644.06,22644.06,0,0
2021-06-28 00:00:00+05:30,22578.86,22578.86,22578.86,22578.86,0,0
2021-06-29 00:00:00+05:30,22493.6,22493.6,22493.6,22493.6,0,0
2021-06-30 00:00:00+05:30,22455.7,22455.7,22455.7,22455.7,0,0
2021-07-01 00:00:00+05:30,22396.4,22396.4,22396.4,22396.4,0,0
2021-07-02 00:00:00+05:30,22456.66,22456.66,22456.66,22456.66,0,0
2021-07-05 00:00:00+05:30,22618.97,22618.97,22618.97,22618.97,0,0
2021-07-06 00:00:00+05:30,22595.93,22595.93,22595.93,22595.93,0,0
2021-07-07 00:00:00+05:30,22683.66,22683.66,22683.66,22683.66,0,0
2021-07-08 00:00:00+05:30,22473.81,22473.81,22473.81,22473.81,0,0
2021-07-09 00:00:00+05:30,22420.36,22420.36,22420.36,22420.36,0,0
2021-07-12 00:00:00+05:30,22424.39,22424.39,22424.39,22424.39,0,0
2021-07-13 00:00:00+05:30,22595.49,22595.49,22595.49,22595.49,0,0
2021-07-14 00:00:00+05:30,22656.78,22656.78,22656.78,22656.78,0,0
2021-07-15 00:00:00+05:30,22762.34,22762.34,22762.34,22762.34,0,0
2021-07-16 00:00:00+05:30,22761.2,22761.2,22761.2,22761.2,0,0
2021-07-19 00:00:00+05:30,22516.71,22516.71,22516.71,22516.71,0,0
2021-07-20 00:00:00+05:30,22344.81,22344.81,22344.81,22344.81,0,0
2021-07-22 00:00:00+05:30,22621.45,22621.45,22621.45,22621.45,0,0
2021-07-23 00:00:00+05:30,22673.35,22673.35,22673.35,22673.35,0,0
2021-07-26 00:00:00+05:30,22628.19,22628.19,22628.19,22628.19,0,0
2021-07-27 00:00:00+05:30,22518.8,22518.8,22518.8,22518.8,0,0
2021-07-28 00:00:00+05:30,22472.95,22472.95,22472.95,22472.95,0,0
2021-07-29 00:00:00+05:30,22576.34,22576.34,22576.34,22576.34,0,0
2021-07-30 00:00:00+05:30,22554.26,22554.26,22554.26,22554.26,0,0
2021-08-02 00:00:00+05:30,22730.42,22730.42,22730.42,22730.42,0,0
2021-08-03 00:00:00+05:30,23081.86,23081.86,23081.86,23081.86,0,0
2021-08-04 00:00:00+05:30,23265.07,23265.07,23265.07,23265.07,0,0
2021-08-05 00:00:00+05:30,23319.53,23319.53,23319.53,23319.53,0,0
2021-08-06 00:00:00+05:30,23238.83,23238.83,23238.83,23238.83,0,0
2021-08-09 00:00:00+05:30,23269.12,23269.12,23269.12,23269.12,0,0
2021-08-10 00:00:00+05:30,23300.36,23300.36,23300.36,23300.36,0,0
2021-08-11 00:00:00+05:30,23303.89,23303.89,23303.89,23303.89,0,0
2021-08-12 00:00:00+05:30,23424.04,23424.04,23424.04,23424.04,0,0
2021-08-13 00:00:00+05:30,23659.78,23659.78,23659.78,23659.78,0,0
2021-08-16 00:00:00+05:30,23708.38,23708.38,23708.38,23708.38,0,0
2021-08-17 00:00:00+05:30,23784.05,23784.05,23784.05,23784.05,0,0
2021-08-18 00:00:00+05:30,23718.57,23718.57,23718.57,23718.57,0,0
2021-08-20 00:00:00+05:30,23549.09,23549.09,23549.09,23549.09,0,0
2021-08-23 00:00:00+05:30,23615.61,23615.61,23615.61,23615.61,0,0
2021-08-24 00:00:00+05:30,23799.1,23799.1,23799.1,23799.1,0,0
2021-08-25 00:00:00+05:30,23813.43,23813.43,23813.43,23813.43,0,0
2021-08-26 00:00:00+05:30,23816.68,23816.68,23816.68,23816.68,0,0
2021-08-27 00:00:00+05:30,23914.48,23914.48,23914.48,23914.48,0,0
2021-08-30 00:00:00+05:30,24237.8,24237.8,24237.8,24237.8,0,0
2021-08-31 00:00:00+05:30,24525.71,24525.71,24525.71,24525.71,0,0
2021-09-01 00:00:00+05:30,24445.62,24445.62,24445.62,24445.62,0,0
2021-09-02 00:00:00+05:30,24674.11,24674.11,24674.11,24674.11,0,0
2021-09-03 00:00:00+05:30,24802.17,24802.17,24802.17,24802.17,0,0
2021-09-06 00:00:00+05:30,24879.79,24879.79,24879.79,24879.79,0,0
2021-09-07 00:00:00+05:30,24857.27,24857.27,24857.27,24857.27,0,0
2021-09-08 00:00:00+05:30,24855.5,24855.5,24855.5,24855.5,0,0
2021-09-09 00:00:00+05:30,24878.09,24878.09,24878.09,24878.09,0,0
2021-09-13 00:00:00+05:30,24858.12,24858.12,24858.12,24858.12,0,0
2021-09-14 00:00:00+05:30,24893.51,24893.51,24893.51,24893.51,0,0
2021-09-15 00:00:00+05:30,25093.22,25093.22,25093.22,25093.22,0,0
2021-09-16 00:00:00+05:30,25250.87,25250.87,25250.87,25250.87,0,0
2021-09-17 00:00:00+05:30,25187.34,25187.34,25187.34,25187.34,0,0
2021-09-20 00:00:00+05:30,24917.72,24917.72,24917.72,24917.72,0,0
2021-09-21 00:00:00+05:30,25154.16,25154.16,25154.16,25154.16,0,0
2021-09-22 00:00:00+05:30,25132.15,25132.15,25132.15,25132.15,0,0
2021-09-23 00:00:00+05:30,25527.92,25527.92,25527.92,25527.92,0,0
2021-09-24 00:00:00+05:30,25571.24,25571.24,25571.24,25571.24,0,0
2021-09-27 00:00:00+05:30,25573.99,25573.99,25573.99,25573.99,0,0
2021-09-28 00:00:00+05:30,25421.46,25421.46,25421.46,25421.46,0,0
2021-09-29 00:00:00+05:30,25367.99,25367.99,25367.99,25367.99,0,0
2021-09-30 00:00:00+05:30,25234.57,25234.57,25234.57,25234.57,0,0
2021-10-01 00:00:00+05:30,25111.25,25111.25,25111.25,25111.25,0,0
2021-10-04 00:00:00+05:30,25339.32,25339.32,25339.32,25339.32,0,0
2021-10-05 00:00:00+05:30,25526.98,25526.98,25526.98,25526.98,0,0
2021-10-06 00:00:00+05:30,25274.48,25274.48,25274.48,25274.48,0,0
2021-10-07 00:00:00+05:30,25481.26,25481.26,25481.26,25481.26,0,0
2021-10-08 00:00:00+05:30,25631.38,25631.38,25631.38,25631.38,0,0
2021-10-11 00:00:00+05:30,25704.1,25704.1,25704.1,25704.1,0,0
2021-10-12 00:00:00+05:30,25770.01,25770.01,25770.01,25770.01,0,0
2021-10-13 00:00:00+05:30,26013.19,26013.19,26013.19,26013.19,0,0
2021-10-14 00:00:00+05:30,26268.83,26268.83,26268.83,26268.83,0,0
2021-10-18 00:00:00+05:30,26467.21,26467.21,26467.21,26467.21,0,0
2021-10-19 00:00:00+05:30,26383.71,26383.71,26383.71,26383.71,0,0
2021-10-20 00:00:00+05:30,26165.78,26165.78,26165.78,26165.78,0,0
2021-10-21 00:00:00+05:30,26042.59,26042.59,26042.59,26042.59,0,0
2021-10-22 00:00:00+05:30,25952.01,25952.01,25952.01,25952.01,0,0
2021-10-25 00:00:00+05:30,25967.04,25967.04,25967.04,25967.04,0,0
2021-10-26 00:00:00+05:30,26196.05,26196.05,26196.05,26196.05,0,0
2021-10-27 00:00:00+05:30,26113.62,26113.62,26113.62,26113.62,0,0
2021-10-28 00:00:00+05:30,25606.99,25606.99,25606.99,25606.99,0,0
2021-10-29 00:00:00+05:30,25340.83,25340.83,25340.83,25340.83,0,0
2021-11-01 00:00:00+05:30,25710.8,25710.8,25710.8,25710.8,0,0
2021-11-02 00:00:00+05:30,25655.51,25655.51,25655.51,25655.51,0,0
2021-11-03 00:00:00+05:30,25569.86,25569.86,25569.86,25569.86,0,0
2021-11-04 00:00:00+05:30,25695.5,25695.5,25695.5,25695.5,0,0
2021-11-08 00:00:00+05:30,25913.09,25913.09,25913.09,25913.09,0,0
2021-11-09 00:00:00+05:30,25878.28,25878.28,25878.28,25878.28,0,0
2021-11-10 00:00:00+05:30,25839.47,25839.47,25839.47,25839.47,0,0
2021-11-11 00:00:00+05:30,25639.32,25639.32,25639.32,25639.32,0,0
2021-11-12 00:00:00+05:30,25968.02,25968.02,25968.02,25968.02,0,0
2021-11-15 00:00:00+05:30,25977.61,25977.61,25977.61,25977.61,0,0
2021-11-16 00:00:00+05:30,25819.49,25819.49,25819.49,25819.49,0,0
2021-11-17 00:00:00+05:30,25675.2,25675.2,25675.2,25675.2,0,0
2021-11-18 00:00:00+05:30,25483.23,25483.23,25483.23,25483.23,0,0
2021-11-22 00:00:00+05:30,24990.27,24990.27,24990.27,24990.27,0,0
2021-11-23 00:00:00+05:30,25114.82,25114.82,25114.82,25114.82,0,0
2021-11-24 00:00:00+05:30,24988.18,24988.18,24988.18,24988.18,0,0
2021-11-25 00:00:00+05:30,25162.07,25162.07,25162.07,25162.07,0,0
2021-11-26 00:00:00+05:30,24430.53,24430.53,24430.53,24430.53,0,0
2021-11-29 00:00:00+05:30,24469.99,24469.99,24469.99,24469.99,0,0
2021-11-30 00:00:00+05:30,24368.53,24368.53,24368.53,24368.53,0,0
2021-12-01 00:00:00+05:30,24632.06,24632.06,24632.06,24632.06,0,0
2021-12-02 00:00:00+05:30,24968.91,24968.91,24968.91,24968.91,0,0
2021-12-03 00:00:00+05:30,24674.83,24674.83,24674.83,24674.83,0,0
2021-12-06 00:00:00+05:30,24266.71,24266.71,24266.71,24266.71,0,0
2021-12-07 00:00:00+05:30,24646.18,24646.18,24646.18,24646.18,0,0
2021-12-08 00:00:00+05:30,25066.62,25066.62,25066.62,25066.62,0,0
2021-12-09 00:00:00+05:30,25134.23,25134.23,25134.23,25134.23,0,0
2021-12-10 00:00:00+05:30,25126.24,25126.24,25126.24,25126.24,0,0
2021-12-13 00:00:00+05:30,24921.02,24921.02,24921.02,24921.02,0,0
2021-12-14 00:00:00+05:30,24858.79,24858.79,24858.79,24858.79,0,0
2021-12-15 00:00:00+05:30,24710.3,24710.3,24710.3,24710.3,0,0
2021-12-16 00:00:00+05:30,24749.01,24749.01,24749.01,24749.01,0,0
2021-12-17 00:00:00+05:30,24371.37,24371.37,24371.37,24371.37,0,0
2021-12-20 00:00:00+05:30,23839.01,23839.01,23839.01,23839.01,0,0
2021-12-21 00:00:00+05:30,24063.78,24063.78,24063.78,24063.78,0,0
2021-12-22 00:00:00+05:30,24336.62,24336.62,24336.62,24336.62,0,0
2021-12-23 00:00:00+05:30,24504.75,24504.75,24504.75,24504.75,0,0
2021-12-24 00:00:00+05:30,24405.96,24405.96,24405.96,24405.96,0,0
2021-12-27 00:00:00+05:30,24524.36,24524.36,24524.36,24524.36,0,0
2021-12-28 00:00:00+05:30,24735.32,24735.32,24735.32,24735.32,0,0
2021-12-29 00:00:00+05:30,24707.1,24707.1,24707.1,24707.1,0,0
2021-12-30 00:00:00+05:30,24693.25,24693.25,24693.25,24693.25,0,0
2021-12-31 00:00:00+05:30,24908.71,24908.71,24908.71,24908.71,0,0
2022-01-03 00:00:00+05:30,25298.63,25298.63,25298.63,25298.63,0,0
2022-01-04 00:00:00+05:30,25556.34,25556.34,25556.34,25556.34,0,0
2022-01-05 00:00:00+05:30,25728.58,25728.58,25728.58,25728.58,0,0
2022-01-06 00:00:00+05:30,25471.18,25471.18,25471.18,25471.18,0,0
2022-01-07 00:00:00+05:30,25567.06,25567.06,25567.06,25567.06,0,0
2022-01-10 00:00:00+05:30,25840.62,25840.62,25840.62,25840.62,0,0
2022-01-11 00:00:00+05:30,25915.89,25915.89,25915.89,25915.89,0,0
2022-01-12 00:00:00+05:30,26140.68,26140.68,26140.68,26140.68,0,0
2022-01-13 00:00:00+05:30,26205.87,26205.87,26205.87,26205.87,0,0
2022-01-14 00:00:00+05:30,26202.97,26202.97,26202.97,26202.97,0,0
2022-01-17 00:00:00+05:30,26278.07,26278.07,26278.07,26278.07,0,0
2022-01-18 00:00:00+05:30,25998.14,25998.14,25998.14,25998.14,0,0
2022-01-19 00:00:00+05:30,25749.81,25749.81,25749.81,25749.81,0,0
2022-01-20 00:00:00+05:30,25492.99,25492.99,25492.99,25492.99,0,0
2022-01-21 00:00:00+05:30,25292.72,25292.72,25292.72,25292.72,0,0
2022-01-24 00:00:00+05:30,24620.72,24620.72,24620.72,24620.72,0,0
2022-01-25 00:00:00+05:30,24805.75,24805.75,24805.75,24805.75,0,0
2022-01-27 00:00:00+05:30,24564.81,24564.81,24564.81,24564.81,0,0
2022-01-28 00:00:00+05:30,24553.04,24553.04,24553.04,24553.04,0,0
2022-01-31 00:00:00+05:30,24894.62,24894.62,24894.62,24894.62,0,0
2022-02-01 00:00:00+05:30,25234.89,25234.89,25234.89,25234.89,0,0
2022-02-02 00:00:00+05:30,25526.55,25526.55,25526.55,25526.55,0,0
2022-02-03 00:00:00+05:30,25217.2,25217.2,25217.2,25217.2,0,0
2022-02-04 00:00:00+05:30,25154.14,25154.14,25154.14,25154.14,0,0
2022-02-07 00:00:00+05:30,24719.45,24719.45,24719.45,24719.45,0,0
2022-02-08 00:00:00+05:30,24795.76,24795.76,24795.76,24795.76,0,0
2022-02-09 00:00:00+05:30,25084.6,25084.6,25084.6,25084.6,0,0
2022-02-10 00:00:00+05:30,25290.42,25290.42,25290.42,25290.42,0,0
2022-02-11 00:00:00+05:30,24958.45,24958.45,24958.45,24958.45,0,0
2022-02-14 00:00:00+05:30,24209.38,24209.38,24209.38,24209.38,0,0
2022-02-15 00:00:00+05:30,24941.93,24941.93,24941.93,24941.93,0,0
2022-02-16 00:00:00+05:30,24904.67,24904.67,24904.67,24904.67,0,0
2022-02-17 00:00:00+05:30,24879.32,24879.32,24879.32,24879.32,0,0
2022-02-18 00:00:00+05:30,24838.68,24838.68,24838.68,24838.68,0,0
2022-02-21 00:00:00+05:30,24746.59,24746.59,24746.59,24746.59,0,0
2022-02-22 00:00:00+05:30,24582.05,24582.05,24582.05,24582.05,0,0
2022-02-23 00:00:00+05:30,24540.41,24540.41,24540.41,24540.41,0,0
2022-02-24 00:00:00+05:30,23367.85,23367.85,23367.85,23367.85,0,0
2022-02-25 00:00:00+05:30,23958.1,23958.1,23958.1,23958.1,0,0
2022-02-28 00:00:00+05:30,24153.01,24153.01,24153.01,24153.01,0,0
2022-03-02 00:00:00+05:30,23882.72,23882.72,23882.72,23882.72,0,0
2022-03-03 00:00:00+05:30,23727.54,23727.54,23727.54,23727.54,0,0
2022-03-04 00:00:00+05:30,23364.07,23364.07,23364.07,23364.07,0,0
2022-03-07 00:00:00+05:30,22814.41,22814.41,22814.41,22814.41,0,0
2022-03-08 00:00:00+05:30,23030.56,23030.56,23030.56,23030.56,0,0
2022-03-09 00:00:00+05:30,23507.87,23507.87,23507.87,23507.87,0,0
2022-03-10 00:00:00+05:30,23866.77,23866.77,23866.77,23866.77,0,0
2022-03-11 00:00:00+05:30,23917.96,23917.96,23917.96,23917.96,0,0
2022-03-14 00:00:00+05:30,24264.29,24264.29,24264.29,24264.29,0,0
2022-03-15 00:00:00+05:30,23964.72,23964.72,23964.72,23964.72,0,0
2022-03-16 00:00:00+05:30,24414.0,24414.0,24414.0,24414.0,0,0
2022-03-17 00:00:00+05:30,24862.27,24862.27,24862.27,24862.27,0,0
2022-03-21 00:00:00+05:30,24618.52,24618.52,24618.52,24618.52,0,0
2022-03-22 00:00:00+05:30,24903.14,24903.14,24903.14,24903.14,0,0
2022-03-23 00:00:00+05:30,24802.74,24802.74,24802.74,24802.74,0,0
2022-03-24 00:00:00+05:30,24769.75,24769.75,24769.75,24769.75,0,0
2022-03-25 00:00:00+05:30,24669.45,24669.45,24669.45,24669.45,0,0
2022-03-28 00:00:00+05:30,24768.69,24768.69,24768.69,24768.69,0,0
2022-03-29 00:00:00+05:30,24917.57,24917.57,24917.57,24917.57,0,0
2022-03-30 00:00:00+05:30,25166.31,25166.31,25166.31,25166.31,0,0
2022-03-31 00:00:00+05:30,25118.14,25118.14,25118.14,25118.14,0,0
2022-04-01 00:00:00+05:30,25413.94,25413.94,25413.94,25413.94,0,0
2022-04-04 00:00:00+05:30,25964.72,25964.72,25964.72,25964.72,0,0
2022-04-05 00:00:00+05:30,25829.11,25829.11,25829.11,25829.11,0,0
2022-04-06 00:00:00+05:30,25613.71,25613.71,25613.71,25613.71,0,0
2022-04-07 00:00:00+05:30,25371.88,25371.88,25371.88,25371.88,0,0
2022-04-08 00:00:00+05:30,25580.15,25580.15,25580.15,25580.15,0,0
2022-04-11 00:00:00+05:30,25422.81,25422.81,25422.81,25422.81,0,0
2022-04-12 00:00:00+05:30,25214.76,25214.76,25214.76,25214.76,0,0
2022-04-13 00:00:00+05:30,25136.13,25136.13,25136.13,25136.13,0,0
2022-04-18 00:00:00+05:30,24701.75,24701.75,24701.75,24701.75,0,0
2022-04-19 00:00:00+05:30,24392.54,24392.54,24392.54,24392.54,0,0
2022-04-20 00:00:00+05:30,24648.4,24648.4,24648.4,24648.4,0,0
2022-04-21 00:00:00+05:30,25017.73,25017.73,25017.73,25017.73,0,0
2022-04-22 00:00:00+05:30,24700.36,24700.36,24700.36,24700.36,0,0
2022-04-25 00:00:00+05:30,24386.78,24386.78,24386.78,24386.78,0,0
2022-04-26 00:00:00+05:30,24741.88,24741.88,24741.88,24741.88,0,0
2022-04-27 00:00:00+05:30,24508.3,24508.3,24508.3,24508.3,0,0
2022-04-28 00:00:00+05:30,24811.78,24811.78,24811.78,24811.78,0,0
2022-04-29 00:00:00+05:30,24606.78,24606.78,24606.78,24606.78,0,0
2022-05-02 00:00:00+05:30,24558.61,24558.61,24558.61,24558.61,0,0
2022-05-04 00:00:00+05:30,23995.35,23995.35,23995.35,23995.35,0,0
2022-05-05 00:00:00+05:30,24002.58,24002.58,24002.58,24002.58,0,0
2022-05-06 00:00:00+05:30,23612.16,23612.16,23612.16,23612.16,0,0
2022-05-09 00:00:00+05:30,23454.71,23454.71,23454.71,23454.71,0,0
2022-05-10 00:00:00+05:30,23365.81,23365.81,23365.81,23365.81,0,0
2022-05-11 00:00:00+05:30,23260.85,23260.85,23260.85,23260.85,0,0
2022-05-12 00:00:00+05:30,22766.52,22766.52,22766.52,22766.52,0,0
2022-05-13 00:00:00+05:30,22729.28,22729.28,22729.28,22729.28,0,0
2022-05-16 00:00:00+05:30,22815.88,22815.88,22815.88,22815.88,0,0
2022-05-17 00:00:00+05:30,23416.46,23416.46,23416.46,23416.46,0,0
2022-05-18 00:00:00+05:30,23389.07,23389.07,23389.07,23389.07,0,0
2022-05-19 00:00:00+05:30,22768.49,22768.49,22768.49,22768.49,0,0
2022-05-20 00:00:00+05:30,23426.36,23426.36,23426.36,23426.36,0,0
2022-05-23 00:00:00+05:30,23352.22,23352.22,23352.22,23352.22,0,0
2022-05-24 00:00:00+05:30,23223.25,23223.25,23223.25,23223.25,0,0
2022-05-25 00:00:00+05:30,23096.63,23096.63,23096.63,23096.63,0,0
2022-05-26 00:00:00+05:30,23322.66,23322.66,23322.66,23322.66,0,0
2022-05-27 00:00:00+05:30,23585.61,23585.61,23585.61,23585.61,0,0
2022-05-30 00:00:00+05:30,24031.25,24031.25,24031.25,24031.25,0,0
2022-05-31 00:00:00+05:30,23958.1,23958.1,23958.1,23958.1,0,0
2022-06-01 00:00:00+05:30,23868.85,23868.85,23868.85,23868.85,0,0
2022-06-02 00:00:00+05:30,24020.89,24020.89,24020.89,24020.89,0,0
2022-06-03 00:00:00+05:30,23957.71,23957.71,23957.71,23957.71,0,0
2022-06-06 00:00:00+05:30,23936.44,23936.44,23936.44,23936.44,0,0
2022-06-07 00:00:00+05:30,23715.1,23715.1,23715.1,23715.1,0,0
2022-06-08 00:00:00+05:30,23628.32,23628.32,23628.32,23628.32,0,0
2022-06-09 00:00:00+05:30,23807.84,23807.84,23807.84,23807.84,0,0
2022-06-10 00:00:00+05:30,23408.59,23408.59,23408.59,23408.59,0,0
2022-06-13 00:00:00+05:30,22791.12,22791.12,22791.12,22791.12,0,0
2022-06-14 00:00:00+05:30,22729.97,22729.97,22729.97,22729.97,0,0
2022-06-15 00:00:00+05:30,22691.46,22691.46,22691.46,22691.46,0,0
2022-06-16 00:00:00+05:30,22211.98,22211.98,22211.98,22211.98,0,0
2022-06-17 00:00:00+05:30,22114.97,22114.97,22114.97,22114.97,0,0
2022-06-20 00:00:00+05:30,22199.11,22199.11,22199.11,22199.11,0,0
2022-06-21 00:00:00+05:30,22616.52,22616.52,22616.52,22616.52,0,0
2022-06-22 00:00:00+05:30,22290.46,22290.46,22290.46,22290.46,0,0
2022-06-23 00:00:00+05:30,22497.71,22497.71,22497.71,22497.71,0,0
2022-06-24 00:00:00+05:30,22703.95,22703.95,22703.95,22703.95,0,0
2022-06-27 00:00:00+05:30,22896.02,22896.02,22896.02,22896.02,0,0
2022-06-28 00:00:00+05:30,22922.24,22922.24,22922.24,22922.24,0,0
2022-06-29 00:00:00+05:30,22848.35,22848.35,22848.35,22848.35,0,0
2022-06-30 00:00:00+05:30,22828.93,22828.93,22828.93,22828.93,0,0
2022-07-01 00:00:00+05:30,22788.18,22788.18,22788.18,22788.18,0,0
2022-07-04 00:00:00+05:30,22914.2,22914.2,22914.2,22914.2,0,0
2022-07-05 00:00:00+05:30,22878.72,22878.72,22878.72,22878.72,0,0
2022-07-06 00:00:00+05:30,23137.7,23137.7,23137.7,23137.7,0,0
2022-07-07 00:00:00+05:30,23345.61,23345.61,23345.61,23345.61,0,0
2022-07-08 00:00:00+05:30,23473.61,23473.61,23473.61,23473.61,0,0
2022-07-11 00:00:00+05:30,23468.14,23468.14,23468.14,23468.14,0,0
2022-07-12 00:00:00+05:30,23239.9,23239.9,23239.9,23239.9,0,0
2022-07-13 00:00:00+05:30,23107.47,23107.47,23107.47,23107.47,0,0
2022-07-14 00:00:00+05:30,23074.52,23074.52,23074.52,23074.52,0,0
2022-07-15 00:00:00+05:30,23234.52,23234.52,23234.52,23234.52,0,0
2022-07-18 00:00:00+05:30,23566.52,23566.52,23566.52,23566.52,0,0
2022-07-19 00:00:00+05:30,23659.85,23659.85,23659.85,23659.85,0,0
2022-07-20 00:00:00+05:30,23920.88,23920.88,23920.88,23920.88,0,0
2022-07-21 00:00:00+05:30,24058.17,24058.17,24058.17,24058.17,0,0
2022-07-22 00:00:00+05:30,24223.56,24223.56,24223.56,24223.56,0,0
2022-07-25 00:00:00+05:30,24095.46,24095.46,24095.46,24095.46,0,0
2022-07-26 00:00:00+05:30,23882.26,23882.26,23882.26,23882.26,0,0
2022-07-27 00:00:00+05:30,24114.41,24114.41,24114.41,24114.41,0,0
2022-07-28 00:00:00+05:30,24531.38,24531.38,24531.38,24531.38,0,0
2022-07-29 00:00:00+05:30,24862.7,24862.7,24862.7,24862.7,0,0
2022-08-01 00:00:00+05:30,25128.57,25128.57,25128.57,25128.57,0,0
2022-08-02 00:00:00+05:30,25137.82,25137.82,25137.82,25137.82,0,0
2022-08-03 00:00:00+05:30,25202.38,25202.38,25202.38,25202.38,0,0
2022-08-04 00:00:00+05:30,25193.41,25193.41,25193.41,25193.41,0,0
2022-08-05 00:00:00+05:30,25215.93,25215.93,25215.93,25215.93,0,0
2022-08-08 00:00:00+05:30,25413.25,25413.25,25413.25,25413.25,0,0
2022-08-10 00:00:00+05:30,25431.92,25431.92,25431.92,25431.92,0,0
2022-08-11 00:00:00+05:30,25621.06,25621.06,25621.06,25621.06,0,0
2022-08-12 00:00:00+05:30,25678.83,25678.83,25678.83,25678.83,0,0
2022-08-16 00:00:00+05:30,25863.24,25863.24,25863.24,25863.24,0,0
2022-08-17 00:00:00+05:30,26035.87,26035.87,26035.87,26035.87,0,0
2022-08-18 00:00:00+05:30,26067.35,26067.35,26067.35,26067.35,0,0
2022-08-19 00:00:00+05:30,25785.4,25785.4,25785.4,25785.4,0,0
2022-08-22 00:00:00+05:30,25396.57,25396.57,25396.57,25396.57,0,0
2022-08-23 00:00:00+05:30,25522.62,25522.62,25522.62,25522.62,0,0
2022-08-24 00:00:00+05:30,25562.51,25562.51,25562.51,25562.51,0,0
2022-08-25 00:00:00+05:30,25442.67,25442.67,25442.67,25442.67,0,0
2022-08-26 00:00:00+05:30,25495.64,25495.64,25495.64,25495.64,0,0
2022-08-29 00:00:00+05:30,25138.4,25138.4,25138.4,25138.4,0,0
2022-08-30 00:00:00+05:30,25786.59,25786.59,25786.59,25786.59,0,0
2022-09-01 00:00:00+05:30,25472.24,25472.24,25472.24,25472.24,0,0
2022-09-02 00:00:00+05:30,25467.41,25467.41,25467.41,25467.41,0,0
2022-09-05 00:00:00+05:30,25650.83,25650.83,25650.83,25650.83,0,0
2022-09-06 00:00:00+05:30,25636.01,25636.01,25636.01,25636.01,0,0
2022-09-07 00:00:00+05:30,25590.73,25590.73,25590.73,25590.73,0,0
2022-09-08 00:00:00+05:30,25843.86,25843.86,25843.86,25843.86,0,0
2022-09-09 00:00:00+05:30,25894.12,25894.12,25894.12,25894.12,0,0
2022-09-12 00:00:00+05:30,26043.69,26043.69,26043.69,26043.69,0,0
2022-09-13 00:00:00+05:30,26237.81,26237.81,26237.81,26237.81,0,0
2022-09-14 00:00:00+05:30,26141.52,26141.52,26141.52,26141.52,0,0
2022-09-15 00:00:00+05:30,25958.06,25958.06,25958.06,25958.06,0,0
2022-09-16 00:00:00+05:30,25454.93,25454.93,25454.93,25454.93,0,0
2022-09-19 00:00:00+05:30,25587.63,25587.63,25587.63,25587.63,0,0
2022-09-20 00:00:00+05:30,25869.27,25869.27,25869.27,25869.27,0,0
2022-09-21 00:00:00+05:30,25727.13,25727.13,25727.13,25727.13,0,0
2022-09-22 00:00:00+05:30,25598.6,25598.6,25598.6,25598.6,0,0
2022-09-23 00:00:00+05:30,25159.42,25159.42,25159.42,25159.42,0,0
2022-09-26 00:00:00+05:30,24707.77,24707.77,24707.77,24707.77,0,0
2022-09-27 00:00:00+05:30,24694.83,24694.83,24694.83,24694.83,0,0
2022-09-28 00:00:00+05:30,24478.82,24478.82,24478.82,24478.82,0,0
2022-09-29 00:00:00+05:30,24419.98,24419.98,24419.98,24419.98,0,0
2022-09-30 00:00:00+05:30,24821.08,24821.08,24821.08,24821.08,0,0
2022-10-03 00:00:00+05:30,24520.52,24520.52,24520.52,24520.52,0,0
2022-10-04 00:00:00+05:30,25082.39,25082.39,25082.39,25082.39,0,0
2022-10-06 00:00:00+05:30,25165.85,25165.85,25165.85,25165.85,0,0
2022-10-07 00:00:00+05:30,25140.99,25140.99,25140.99,25140.99,0,0
2022-10-10 00:00:00+05:30,25034.02,25034.02,25034.02,25034.02,0,0
2022-10-11 00:00:00+05:30,24660.2,24660.2,24660.2,24660.2,0,0
2022-10-12 00:00:00+05:30,24863.58,24863.58,24863.58,24863.58,0,0
2022-10-13 00:00:00+05:30,24704.95,24704.95,24704.95,24704.95,0,0
2022-10-14 00:00:00+05:30,24953.75,24953.75,24953.75,24953.75,0,0
2022-10-17 00:00:00+05:30,25139.55,25139.55,25139.55,25139.55,0,0
2022-10-18 00:00:00+05:30,25393.89,25393.89,25393.89,25393.89,0,0
2022-10-19 00:00:00+05:30,25434.1,25434.1,25434.1,25434.1,0,0
2022-10-20 00:00:00+05:30,25509.14,25509.14,25509.14,25509.14,0,0
2022-10-21 00:00:00+05:30,25527.09,25527.09,25527.09,25527.09,0,0
2022-10-24 00:00:00+05:30,25751.45,25751.45,25751.45,25751.45,0,0
2022-10-25 00:00:00+05:30,25643.34,25643.34,25643.34,25643.34,0,0
2022-10-27 00:00:00+05:30,25780.23,25780.23,25780.23,25780.23,0,0
2022-10-28 00:00:00+05:30,25852.72,25852.72,25852.72,25852.72,0,0
2022-10-31 00:00:00+05:30,26182.36,26182.36,26182.36,26182.36,0,0
2022-11-01 00:00:00+05:30,26380.97,26380.97,26380.97,26380.97,0,0
2022-11-02 00:00:00+05:30,26290.01,26290.01,26290.01,26290.01,0,0
2022-11-03 00:00:00+05:30,26246.23,26246.23,26246.23,26246.23,0,0
2022-11-04 00:00:00+05:30,26339.9,26339.9,26339.9,26339.9,0,0
2022-11-07 00:00:00+05:30,26464.44,26464.44,26464.44,26464.44,0,0
2022-11-09 00:00:00+05:30,26401.58,26401.58,26401.58,26401.58,0,0
2022-11-10 00:00:00+05:30,26214.31,26214.31,26214.31,26214.31,0,0
2022-11-11 00:00:00+05:30,26681.76,26681.76,26681.76,26681.76,0,0
2022-11-14 00:00:00+05:30,26651.93,26651.93,26651.93,26651.93,0,0
2022-11-15 00:00:00+05:30,26759.85,26759.85,26759.85,26759.85,0,0
2022-11-16 00:00:00+05:30,26768.95,26768.95,26768.95,26768.95,0,0
2022-11-17 00:00:00+05:30,26673.32,26673.32,26673.32,26673.32,0,0
2022-11-18 00:00:00+05:30,26620.61,26620.61,26620.61,26620.61,0,0
2022-11-21 00:00:00+05:30,26405.9,26405.9,26405.9,26405.9,0,0
2022-11-22 00:00:00+05:30,26528.4,26528.4,26528.4,26528.4,0,0
2022-11-23 00:00:00+05:30,26561.89,26561.89,26561.89,26561.89,0,0
2022-11-24 00:00:00+05:30,26877.24,26877.24,26877.24,26877.24,0,0
2022-11-25 00:00:00+05:30,26918.89,26918.89,26918.89,26918.89,0,0
2022-11-28 00:00:00+05:30,26991.6,26991.6,26991.6,26991.6,0,0
2022-11-29 00:00:00+05:30,27071.98,27071.98,27071.98,27071.98,0,0
2022-11-30 00:00:00+05:30,27276.01,27276.01,27276.01,27276.01,0,0
2022-12-01 00:00:00+05:30,27354.74,27354.74,27354.74,27354.74,0,0
2022-12-02 00:00:00+05:30,27185.44,27185.44,27185.44,27185.44,0,0
2022-12-05 00:00:00+05:30,27192.64,27192.64,27192.64,27192.64,0,0
2022-12-06 00:00:00+05:30,27107.87,27107.87,27107.87,27107.87,0,0
2022-12-07 00:00:00+05:30,26988.31,26988.31,26988.31,26988.31,0,0
2022-12-08 00:00:00+05:30,27059.31,27059.31,27059.31,27059.31,0,0
2022-12-09 00:00:00+05:30,26895.35,26895.35,26895.35,26895.35,0,0
2022-12-12 00:00:00+05:30,26896.21,26896.21,26896.21,26896.21,0,0
2022-12-13 00:00:00+05:30,27057.35,27057.35,27057.35,27057.35,0,0
2022-12-14 00:00:00+05:30,27133.4,27133.4,27133.4,27133.4,0,0
2022-12-15 00:00:00+05:30,26776.56,26776.56,26776.56,26776.56,0,0
2022-12-16 00:00:00+05:30,26564.46,26564.46,26564.46,26564.46,0,0
2022-12-19 00:00:00+05:30,26784.68,26784.68,26784.68,26784.68,0,0
2022-12-20 00:00:00+05:30,26733.51,26733.51,26733.51,26733.51,0,0
2022-12-21 00:00:00+05:30,26462.77,26462.77,26462.77,26462.77,0,0
2022-12-22 00:00:00+05:30,26358.44,26358.44,26358.44,26358.44,0,0
2022-12-23 00:00:00+05:30,25892.35,25892.35,25892.35,25892.35,0,0
2022-12-26 00:00:00+05:30,26194.52,26194.52,26194.52,26194.52,0,0
2022-12-27 00:00:00+05:30,26365.65,26365.65,26365.65,26365.65,0,0
2022-12-28 00:00:00+05:30,26351.4,26351.4,26351.4,26351.4,0,0
2022-12-29 00:00:00+05:30,26451.02,26451.02,26451.02,26451.02,0,0
2022-12-30 00:00:00+05:30,26326.37,26326.37,26326.37,26326.37,0,0
2023-01-02 00:00:00+05:30,26460.41,26460.41,26460.41,26460.41,0,0
2023-01-03 00:00:00+05:30,26511.45,26511.45,26511.45,26511.45,0,0
2023-01-04 00:00:00+05:30,26235.73,26235.73,26235.73,26235.73,0,0
2023-01-05 00:00:00+05:30,26161.85,26161.85,26161.85,26161.85,0,0
2023-01-06 00:00:00+05:30,25968.95,25968.95,25968.95,25968.95,0,0
2023-01-09 00:00:00+05:30,26320.41,26320.41,26320.41,26320.41,0,0
2023-01-10 00:00:00+05:30,26048.47,26048.47,26048.47,26048.47,0,0
2023-01-11 00:00:00+05:30,26021.6,26021.6,26021.6,26021.6,0,0
2023-01-12 00:00:00+05:30,25967.07,25967.07,25967.07,25967.07,0,0
2023-01-13 00:00:00+05:30,26110.2,26110.2,26110.2,26110.2,0,0
2023-01-16 00:00:00+05:30,26020.39,26020.39,26020.39,26020.39,0,0
2023-01-17 00:00:00+05:30,26250.81,26250.81,26250.81,26250.81,0,0
2023-01-18 00:00:00+05:30,26413.71,26413.71,26413.71,26413.71,0,0
2023-01-19 00:00:00+05:30,26333.57,26333.57,26333.57,26333.57,0,0
2023-01-20 00:00:00+05:30,26216.94,26216.94,26216.94,26216.94,0,0
2023-01-23 00:00:00+05:30,26349.14,26349.14,26349.14,26349.14,0,0
2023-01-24 00:00:00+05:30,26349.28,26349.28,26349.28,26349.28,0,0
2023-01-25 00:00:00+05:30,26020.13,26020.13,26020.13,26020.13,0,0
2023-01-27 00:00:00+05:30,25601.88,25601.88,25601.88,25601.88,0,0
2023-01-30 00:00:00+05:30,25666.69,25666.69,25666.69,25666.69,0,0
2023-01-31 00:00:00+05:30,25685.94,25685.94,25685.94,25685.94,0,0
2023-02-01 00:00:00+05:30,25619.24,25619.24,25619.24,25619.24,0,0
2023-02-02 00:00:00+05:30,25610.65,25610.65,25610.65,25610.65,0,0
2023-02-03 00:00:00+05:30,25965.0,25965.0,25965.0,25965.0,0,0
2023-02-06 00:00:00+05:30,25834.87,25834.87,25834.87,25834.87,0,0
2023-02-07 00:00:00+05:30,25772.19,25772.19,25772.19,25772.19,0,0
2023-02-08 00:00:00+05:30,25993.34,25993.34,25993.34,25993.34,0,0
2023-02-09 00:00:00+05:30,26024.94,26024.94,26024.94,26024.94,0,0
2023-02-10 00:00:00+05:30,25971.23,25971.23,25971.23,25971.23,0,0
2023-02-13 00:00:00+05:30,25846.7,25846.7,25846.7,25846.7,0,0
2023-02-14 00:00:00+05:30,26077.93,26077.93,26077.93,26077.93,0,0
2023-02-15 00:00:00+05:30,26220.43,26220.43,26220.43,26220.43,0,0
2023-02-16 00:00:00+05:30,26249.52,26249.52,26249.52,26249.52,0,0
2023-02-17 00:00:00+05:30,26116.12,26116.12,26116.12,26116.12,0,0
2023-02-20 00:00:00+05:30,25971.19,25971.19,25971.19,25971.19,0,0
2023-02-21 00:00:00+05:30,25945.08,25945.08,25945.08,25945.08,0,0
2023-02-22 00:00:00+05:30,25548.67,25548.67,25548.67,25548.67,0,0
2023-02-23 00:00:00+05:30,25485.97,25485.97,25485.97,25485.97,0,0
2023-02-24 00:00:00+05:30,25420.07,25420.07,25420.07,25420.07,0,0
2023-02-27 00:00:00+05:30,25313.7,25313.7,25313.7,25313.7,0,0
2023-02-28 00:00:00+05:30,25184.47,25184.47,25184.47,25184.47,0,0
2023-03-01 00:00:00+05:30,25398.4,25398.4,25398.4,25398.4,0,0
2023-03-02 00:00:00+05:30,25210.65,25210.65,25210.65,25210.65,0,0
2023-03-03 00:00:00+05:30,25607.14,25607.14,25607.14,25607.14,0,0
2023-03-06 00:00:00+05:30,25777.6,25777.6,25777.6,25777.6,0,0
2023-03-08 00:00:00+05:30,25840.12,25840.12,25840.12,25840.12,0,0
2023-03-09 00:00:00+05:30,25600.24,25600.24,25600.24,25600.24,0,0
2023-03-10 00:00:00+05:30,25343.09,25343.09,25343.09,25343.09,0,0
2023-03-13 00:00:00+05:30,24966.68,24966.68,24966.68,24966.68,0,0
2023-03-14 00:00:00+05:30,24805.11,24805.11,24805.11,24805.11,0,0
2023-03-15 00:00:00+05:30,24701.6,24701.6,24701.6,24701.6,0,0
2023-03-16 00:00:00+05:30,24721.52,24721.52,24721.52,24721.52,0,0
2023-03-17 00:00:00+05:30,24888.1,24888.1,24888.1,24888.1,0,0
2023-03-20 00:00:00+05:30,24725.6,24725.6,24725.6,24725.6,0,0
2023-03-21 00:00:00+05:30,24898.97,24898.97,24898.97,24898.97,0,0
2023-03-22 00:00:00+05:30,24963.55,24963.55,24963.55,24963.55,0,0
2023-03-23 00:00:00+05:30,24854.39,24854.39,24854.39,24854.39,0,0
2023-03-24 00:00:00+05:30,24662.53,24662.53,24662.53,24662.53,0,0
2023-03-27 00:00:00+05:30,24721.71,24721.71,24721.71,24721.71,0,0
2023-03-28 00:00:00+05:30,24672.17,24672.17,24672.17,24672.17,0,0
2023-03-29 00:00:00+05:30,24859.93,24859.93,24859.93,24859.93,0,0
2023-03-31 00:00:00+05:30,25266.06,25266.06,25266.06,25266.06,0,0
2023-04-03 00:00:00+05:30,25321.85,25321.85,25321.85,25321.85,0,0
2023-04-05 00:00:00+05:30,25553.28,25553.28,25553.28,25553.28,0,0
2023-04-06 00:00:00+05:30,25614.55,25614.55,25614.55,25614.55,0,0
2023-04-10 00:00:00+05:30,25650.73,25650.73,25650.73,25650.73,0,0
2023-04-11 00:00:00+05:30,25793.77,25793.77,25793.77,25793.77,0,0
2023-04-12 00:00:00+05:30,25924.89,25924.89,25924.89,25924.89,0,0
2023-04-13 00:00:00+05:30,25950.39,25950.39,25950.39,25950.39,0,0
2023-04-17 00:00:00+05:30,25774.07,25774.07,25774.07,25774.07,0,0
2023-04-18 00:00:00+05:30,25706.09,25706.09,25706.09,25706.09,0,0
2023-04-19 00:00:00+05:30,25645.82,25645.82,25645.82,25645.82,0,0
2023-04-20 00:00:00+05:30,25654.16,25654.16,25654.16,25654.16,0,0
2023-04-21 00:00:00+05:30,25654.78,25654.78,25654.78,25654.78,0,0
2023-04-24 00:00:00+05:30,25828.46,25828.46,25828.46,25828.46,0,0
2023-04-25 00:00:00+05:30,25866.09,25866.09,25866.09,25866.09,0,0
2023-04-26 00:00:00+05:30,25930.7,25930.7,25930.7,25930.7,0,0
2023-04-27 00:00:00+05:30,26078.38,26078.38,26078.38,26078.38,0,0
2023-04-28 00:00:00+05:30,26302.92,26302.92,26302.92,26302.92,0,0
2023-05-02 00:00:00+05:30,26423.3,26423.3,26423.3,26423.3,0,0
2023-05-03 00:00:00+05:30,26339.14,26339.14,26339.14,26339.14,0,0
2023-05-04 00:00:00+05:30,26580.77,26580.77,26580.77,26580.77,0,0
2023-05-05 00:00:00+05:30,26308.78,26308.78,26308.78,26308.78,0,0
2023-05-08 00:00:00+05:30,26593.29,26593.29,26593.29,26593.29,0,0
2023-05-09 00:00:00+05:30,26595.52,26595.52,26595.52,26595.52,0,0
2023-05-10 00:00:00+05:30,26667.11,26667.11,26667.11,26667.11,0,0
2023-05-11 00:00:00+05:30,26640.77,26640.77,26640.77,26640.77,0,0
2023-05-12 00:00:00+05:30,26666.67,26666.67,26666.67,26666.67,0,0
2023-05-15 00:00:00+05:30,26789.02,26789.02,26789.02,26789.02,0,0
2023-05-16 00:00:00+05:30,26679.67,26679.67,26679.67,26679.67,0,0
2023-05-17 00:00:00+05:30,26526.82,26526.82,26526.82,26526.82,0,0
2023-05-18 00:00:00+05:30,26451.26,26451.26,26451.26,26451.26,0,0
2023-05-19 00:00:00+05:30,26560.1,26560.1,26560.1,26560.1,0,0
2023-05-22 00:00:00+05:30,26722.03,26722.03,26722.03,26722.03,0,0
2023-05-23 00:00:00+05:30,26771.1,26771.1,26771.1,26771.1,0,0
2023-05-24 00:00:00+05:30,26679.72,26679.72,26679.72,26679.72,0,0
2023-05-25 00:00:00+05:30,26731.86,26731.86,26731.86,26731.86,0,0
2023-05-26 00:00:00+05:30,26991.87,26991.87,26991.87,26991.87,0,0
2023-05-29 00:00:00+05:30,27136.82,27136.82,27136.82,27136.82,0,0
2023-05-30 00:00:00+05:30,27188.18,27188.18,27188.18,27188.18,0,0
2023-05-31 00:00:00+05:30,27057.44,27057.44,27057.44,27057.44,0,0
2023-06-01 00:00:00+05:30,26989.35,26989.35,26989.35,26989.35,0,0
2023-06-02 00:00:00+05:30,27080.87,27080.87,27080.87,27080.87,0,0
2023-06-05 00:00:00+05:30,27168.13,27168.13,27168.13,27168.13,0,0
2023-06-06 00:00:00+05:30,27175.7,27175.7,27175.7,27175.7,0,0
2023-06-07 00:00:00+05:30,27361.85,27361.85,27361.85,27361.85,0,0
2023-06-08 00:00:00+05:30,27227.59,27227.59,27227.59,27227.59,0,0
2023-06-09 00:00:00+05:30,27126.86,27126.86,27126.86,27126.86,0,0
2023-06-12 00:00:00+05:30,27182.55,27182.55,27182.55,27182.55,0,0
2023-06-13 00:00:00+05:30,27350.09,27350.09,27350.09,27350.09,0,0
2023-06-14 00:00:00+05:30,27408.12,27408.12,27408.12,27408.12,0,0
2023-06-15 00:00:00+05:30,27317.25,27317.25,27317.25,27317.25,0,0
2023-06-16 00:00:00+05:30,27519.44,27519.44,27519.44,27519.44,0,0
2023-06-19 00:00:00+05:30,27422.87,27422.87,27422.87,27422.87,0,0
2023-06-20 00:00:00+05:30,27512.41,27512.41,27512.41,27512.41,0,0
2023-06-21 00:00:00+05:30,27571.14,27571.14,27571.14,27571.14,0,0
2023-06-22 00:00:00+05:30,27445.97,27445.97,27445.97,27445.97,0,0
2023-06-23 00:00:00+05:30,27291.39,27291.39,27291.39,27291.39,0,0
2023-06-26 00:00:00+05:30,27328.91,27328.91,27328.91,27328.91,0,0
2023-06-27 00:00:00+05:30,27513.45,27513.45,27513.45,27513.45,0,0
2023-06-28 00:00:00+05:30,27739.64,27739.64,27739.64,27739.64,0,0
2023-06-30 00:00:00+05:30,28059.65,28059.65,28059.65,28059.65,0,0
2023-07-03 00:00:00+05:30,28254.9,28254.9,28254.9,28254.9,0,0
2023-07-04 00:00:00+05:30,28352.01,28352.01,28352.01,28352.01,0,0
2023-07-05 00:00:00+05:30,28365.96,28365.96,28365.96,28365.96,0,0
2023-07-06 00:00:00+05:30,28510.39,28510.39,28510.39,28510.39,0,0
2023-07-07 00:00:00+05:30,28269.43,28269.43,28269.43,28269.43,0,0
2023-07-10 00:00:00+05:30,28304.66,28304.66,28304.66,28304.66,0,0
2023-07-11 00:00:00+05:30,28429.42,28429.42,28429.42,28429.42,0,0
2023-07-12 00:00:00+05:30,28348.88,28348.88,28348.88,28348.88,0,0
2023-07-13 00:00:00+05:30,28393.32,28393.32,28393.32,28393.32,0,0
2023-07-14 00:00:00+05:30,28618.6,28618.6,28618.6,28618.6,0,0
2023-07-17 00:00:00+05:30,28833.54,28833.54,28833.54,28833.54,0,0
2023-07-18 00:00:00+05:30,28888.85,28888.85,28888.85,28888.85,0,0
2023-07-19 00:00:00+05:30,29011.55,29011.55,29011.55,29011.55,0,0
2023-07-20 00:00:00+05:30,29231.71,29231.71,29231.71,29231.71,0,0
2023-07-21 00:00:00+05:30,28890.53,28890.53,28890.53,28890.53,0,0
2023-07-24 00:00:00+05:30,28784.26,28784.26,28784.26,28784.26,0,0
2023-07-25 00:00:00+05:30,28796.35,28796.35,28796.35,28796.35,0,0
2023-07-26 00:00:00+05:30,28939.3,28939.3,28939.3,28939.3,0,0
2023-07-27 00:00:00+05:30,28769.02,28769.02,28769.02,28769.02,0,0
2023-07-28 00:00:00+05:30,28752.69,28752.69,28752.69,28752.69,0,0
2023-07-31 00:00:00+05:30,28910.43,28910.43,28910.43,28910.43,0,0
2023-08-01 00:00:00+05:30,28880.78,28880.78,28880.78,28880.78,0,0
2023-08-02 00:00:00+05:30,28589.81,28589.81,28589.81,28589.81,0,0
2023-08-03 00:00:00+05:30,28383.28,28383.28,28383.28,28383.28,0,0
2023-08-04 00:00:00+05:30,28582.25,28582.25,28582.25,28582.25,0,0
2023-08-07 00:00:00+05:30,28699.8,28699.8,28699.8,28699.8,0,0
2023-08-08 00:00:00+05:30,28661.08,28661.08,28661.08,28661.08,0,0
2023-08-09 00:00:00+05:30,28769.97,28769.97,28769.97,28769.97,0,0
2023-08-10 00:00:00+05:30,28638.92,28638.92,28638.92,28638.92,0,0
2023-08-11 00:00:00+05:30,28482.45,28482.45,28482.45,28482.45,0,0
2023-08-14 00:00:00+05:30,28494.78,28494.78,28494.78,28494.78,0,0
2023-08-16 00:00:00+05:30,28539.38,28539.38,28539.38,28539.38,0,0
2023-08-17 00:00:00+05:30,28393.16,28393.16,28393.16,28393.16,0,0
2023-08-18 00:00:00+05:30,28316.31,28316.31,28316.31,28316.31,0,0
2023-08-21 00:00:00+05:30,28448.83,28448.83,28448.83,28448.83,0,0
2023-08-22 00:00:00+05:30,28453.01,28453.01,28453.01,28453.01,0,0
2023-08-23 00:00:00+05:30,28522.76,28522.76,28522.76,28522.76,0,0
2023-08-24 00:00:00+05:30,28438.68,28438.68,28438.68,28438.68,0,0
2023-08-25 00:00:00+05:30,28261.32,28261.32,28261.32,28261.32,0,0
2023-08-28 00:00:00+05:30,28320.4,28320.4,28320.4,28320.4,0,0
2023-08-29 00:00:00+05:30,28374.03,28374.03,28374.03,28374.03,0,0
2023-08-30 00:00:00+05:30,28381.13,28381.13,28381.13,28381.13,0,0
2023-08-31 00:00:00+05:30,28243.74,28243.74,28243.74,28243.74,0,0
2023-09-01 00:00:00+05:30,28509.94,28509.94,28509.94,28509.94,0,0
2023-09-04 00:00:00+05:30,28647.16,28647.16,28647.16,28647.16,0,0
2023-09-05 00:00:00+05:30,28714.78,28714.78,28714.78,28714.78,0,0
2023-09-06 00:00:00+05:30,28767.78,28767.78,28767.78,28767.78,0,0
2023-09-07 00:00:00+05:30,28937.96,28937.96,28937.96,28937.96,0,0
2023-09-08 00:00:00+05:30,29074.22,29074.22,29074.22,29074.22,0,0
2023-09-11 00:00:00+05:30,29333.0,29333.0,29333.0,29333.0,0,0
2023-09-12 00:00:00+05:30,29328.37,29328.37,29328.37,29328.37,0,0
2023-09-13 00:00:00+05:30,29441.04,29441.04,29441.04,29441.04,0,0
2023-09-14 00:00:00+05:30,29489.61,29489.61,29489.61,29489.61,0,0
2023-09-15 00:00:00+05:30,29620.53,29620.53,29620.53,29620.53,0,0
2023-09-18 00:00:00+05:30,29533.91,29533.91,29533.91,29533.91,0,0
2023-09-20 00:00:00+05:30,29193.69,29193.69,29193.69,29193.69,0,0
2023-09-21 00:00:00+05:30,28960.36,28960.36,28960.36,28960.36,0,0
2023-09-22 00:00:00+05:30,28860.46,28860.46,28860.46,28860.46,0,0
2023-09-25 00:00:00+05:30,28860.9,28860.9,28860.9,28860.9,0,0
2023-09-26 00:00:00+05:30,28846.47,28846.47,28846.47,28846.47,0,0
2023-09-27 00:00:00+05:30,28922.43,28922.43,28922.43,28922.43,0,0
2023-09-28 00:00:00+05:30,28639.44,28639.44,28639.44,28639.44,0,0
2023-09-29 00:00:00+05:30,28807.77,28807.77,28807.77,28807.77,0,0
2023-10-03 00:00:00+05:30,28647.04,28647.04,28647.04,28647.04,0,0
2023-10-04 00:00:00+05:30,28511.13,28511.13,28511.13,28511.13,0,0
2023-10-05 00:00:00+05:30,28671.97,28671.97,28671.97,28671.97,0,0
2023-10-06 00:00:00+05:30,28830.08,28830.08,28830.08,28830.08,0,0
2023-10-09 00:00:00+05:30,28622.98,28622.98,28622.98,28622.98,0,0
2023-10-10 00:00:00+05:30,28883.35,28883.35,28883.35,28883.35,0,0
2023-10-11 00:00:00+05:30,29061.61,29061.61,29061.61,29061.61,0,0
2023-10-12 00:00:00+05:30,29036.17,29036.17,29036.17,29036.17,0,0
2023-10-13 00:00:00+05:30,28973.14,28973.14,28973.14,28973.14,0,0
2023-10-16 00:00:00+05:30,28944.87,28944.87,28944.87,28944.87,0,0
2023-10-17 00:00:00+05:30,29061.8,29061.8,29061.8,29061.8,0,0
2023-10-18 00:00:00+05:30,28855.87,28855.87,28855.87,28855.87,0,0
2023-10-19 00:00:00+05:30,28790.88,28790.88,28790.88,28790.88,0,0
2023-10-20 00:00:00+05:30,28674.78,28674.78,28674.78,28674.78,0,0
2023-10-23 00:00:00+05:30,28291.96,28291.96,28291.96,28291.96,0,0
2023-10-25 00:00:00+05:30,28079.26,28079.26,28079.26,28079.26,0,0
2023-10-26 00:00:00+05:30,27690.29,27690.29,27690.29,27690.29,0,0
2023-10-27 00:00:00+05:30,27969.92,27969.92,27969.92,27969.92,0,0
2023-10-30 00:00:00+05:30,28107.42,28107.42,28107.42,28107.42,0,0
2023-10-31 00:00:00+05:30,28017.36,28017.36,28017.36,28017.36,0,0
2023-11-01 00:00:00+05:30,27886.24,27886.24,27886.24,27886.24,0,0
2023-11-02 00:00:00+05:30,28105.75,28105.75,28105.75,28105.75,0,0
2023-11-03 00:00:00+05:30,28253.09,28253.09,28253.09,28253.09,0,0
2023-11-06 00:00:00+05:30,28519.25,28519.25,28519.25,28519.25,0,0
2023-11-07 00:00:00+05:30,28511.81,28511.81,28511.81,28511.81,0,0
2023-11-08 00:00:00+05:30,28565.86,28565.86,28565.86,28565.86,0,0
2023-11-09 00:00:00+05:30,28495.08,28495.08,28495.08,28495.08,0,0
2023-11-10 00:00:00+05:30,28539.24,28539.24,28539.24,28539.24,0,0
2023-11-12 00:00:00+05:30,28686.47,28686.47,28686.47,28686.47,0,0
2023-11-13 00:00:00+05:30,28565.95,28565.95,28565.95,28565.95,0,0
2023-11-15 00:00:00+05:30,28906.7,28906.7,28906.7,28906.7,0,0
2023-11-16 00:00:00+05:30,29044.66,29044.66,29044.66,29044.66,0,0
2023-11-17 00:00:00+05:30,28995.52,28995.52,28995.52,28995.52,0,0
2023-11-20 00:00:00+05:30,28939.98,28939.98,28939.98,28939.98,0,0
2023-11-21 00:00:00+05:30,29071.36,29071.36,29071.36,29071.36,0,0
2023-11-22 00:00:00+05:30,29113.18,29113.18,29113.18,29113.18,0,0
2023-11-23 00:00:00+05:30,29098.74,29098.74,29098.74,29098.74,0,0
2023-11-24 00:00:00+05:30,29087.95,29087.95,29087.95,29087.95,0,0
2023-11-28 00:00:00+05:30,29227.61,29227.61,29227.61,29227.61,0,0
2023-11-29 00:00:00+05:30,29531.63,29531.63,29531.63,29531.63,0,0
2023-11-30 00:00:00+05:30,29585.36,29585.36,29585.36,29585.36,0,0
2023-12-01 00:00:00+05:30,29783.34,29783.34,29783.34,29783.34,0,0
2023-12-04 00:00:00+05:30,30398.91,30398.91,30398.91,30398.91,0,0
2023-12-05 00:00:00+05:30,30646.19,30646.19,30646.19,30646.19,0,0
2023-12-06 00:00:00+05:30,30767.6,30767.6,30767.6,30767.6,0,0
2023-12-07 00:00:00+05:30,30713.86,30713.86,30713.86,30713.86,0,0
2023-12-08 00:00:00+05:30,30814.15,30814.15,30814.15,30814.15,0,0
2023-12-11 00:00:00+05:30,30854.9,30854.9,30854.9,30854.9,0,0
2023-12-12 00:00:00+05:30,30721.59,30721.59,30721.59,30721.59,0,0
2023-12-13 00:00:00+05:30,30750.95,30750.95,30750.95,30750.95,0,0
2023-12-14 00:00:00+05:30,31127.6,31127.6,31127.6,31127.6,0,0
2023-12-15 00:00:00+05:30,31530.19,31530.19,31530.19,31530.19,0,0
2023-12-18 00:00:00+05:30,31474.35,31474.35,31474.35,31474.35,0,0
2023-12-19 00:00:00+05:30,31525.0,31525.0,31525.0,31525.0,0,0
2023-12-20 00:00:00+05:30,31079.76,31079.76,31079.76,31079.76,0,0
2023-12-21 00:00:00+05:30,31233.93,31233.93,31233.93,31233.93,0,0
2023-12-22 00:00:00+05:30,31372.6,31372.6,31372.6,31372.6,0,0
2023-12-26 00:00:00+05:30,31507.69,31507.69,31507.69,31507.69,0,0
2023-12-27 00:00:00+05:30,31821.31,31821.31,31821.31,31821.31,0,0
2023-12-28 00:00:00+05:30,32003.47,32003.47,32003.47,32003.47,0,0
2023-12-29 00:00:00+05:30,31933.93,31933.93,31933.93,31933.93,0,0
2024-01-01 00:00:00+05:30,31949.36,31949.36,31949.36,31949.36,0,0
2024-01-02 00:00:00+05:30,31837.56,31837.56,31837.56,31837.56,0,0
2024-01-03 00:00:00+05:30,31619.36,31619.36,31619.36,31619.36,0,0
2024-01-04 00:00:00+05:30,31826.97,31826.97,31826.97,31826.97,0,0
2024-01-05 00:00:00+05:30,31903.69,31903.69,31903.69,31903.69,0,0
2024-01-08 00:00:00+05:30,31613.01,31613.01,31613.01,31613.01,0,0
2024-01-09 00:00:00+05:30,31659.81,31659.81,31659.81,31659.81,0,0
2024-01-10 00:00:00+05:30,31768.3,31768.3,31768.3,31768.3,0,0
2024-01-11 00:00:00+05:30,31810.18,31810.18,31810.18,31810.18,0,0
2024-01-12 00:00:00+05:30,32173.66,32173.66,32173.66,32173.66,0,0
2024-01-15 00:00:00+05:30,32471.8,32471.8,32471.8,32471.8,0,0
2024-01-16 00:00:00+05:30,32376.1,32376.1,32376.1,32376.1,0,0
2024-01-17 00:00:00+05:30,31699.64,31699.64,31699.64,31699.64,0,0
2024-01-18 00:00:00+05:30,31538.4,31538.4,31538.4,31538.4,0,0
2024-01-19 00:00:00+05:30,31787.24,31787.24,31787.24,31787.24,0,0
2024-01-20 00:00:00+05:30,31712.86,31712.86,31712.86,31712.86,0,0
2024-01-23 00:00:00+05:30,31223.3,31223.3,31223.3,31223.3,0,0
2024-01-24 00:00:00+05:30,31540.07,31540.07,31540.07,31540.07,0,0
2024-01-25 00:00:00+05:30,31391.07,31391.07,31391.07,31391.07,0,0
2024-01-29 00:00:00+05:30,31957.05,31957.05,31957.05,31957.05,0,0
2024-01-30 00:00:00+05:30,31640.24,31640.24,31640.24,31640.24,0,0
2024-01-31 00:00:00+05:30,31939.59,31939.59,31939.59,31939.59,0,0
2024-02-01 00:00:00+05:30,31898.06,31898.06,31898.06,31898.06,0,0
2024-02-02 00:00:00+05:30,32127.9,32127.9,32127.9,32127.9,0,0
2024-02-05 00:00:00+05:30,32007.18,32007.18,32007.18,32007.18,0,0
2024-02-06 00:00:00+05:30,32242.59,32242.59,32242.59,32242.59,0,0
2024-02-07 00:00:00+05:30,32244.22,32244.22,32244.22,32244.22,0,0
2024-02-08 00:00:00+05:30,31950.32,31950.32,31950.32,31950.32,0,0
2024-02-09 00:00:00+05:30,32048.38,32048.38,32048.38,32048.38,0,0
2024-02-12 00:00:00+05:30,31803.52,31803.52,31803.52,31803.52,0,0
2024-02-13 00:00:00+05:30,31990.61,31990.61,31990.61,31990.61,0,0
2024-02-14 00:00:00+05:30,32133.04,32133.04,32133.04,32133.04,0,0
2024-02-15 00:00:00+05:30,32244.79,32244.79,32244.79,32244.79,0,0
2024-02-16 00:00:00+05:30,32441.32,32441.32,32441.32,32441.32,0,0
2024-02-19 00:00:00+05:30,32561.34,32561.34,32561.34,32561.34,0,0
2024-02-20 00:00:00+05:30,32675.53,32675.53,32675.53,32675.53,0,0
2024-02-21 00:00:00+05:30,32466.65,32466.65,32466.65,32466.65,0,0
2024-02-22 00:00:00+05:30,32705.7,32705.7,32705.7,32705.7,0,0
2024-02-23 00:00:00+05:30,32698.69,32698.69,32698.69,32698.69,0,0
2024-02-26 00:00:00+05:30,32565.29,32565.29,32565.29,32565.29,0,0
2024-02-27 00:00:00+05:30,32677.61,32677.61,32677.61,32677.61,0,0
2024-02-28 00:00:00+05:30,32313.7,32313.7,32313.7,32313.7,0,0
2024-02-29 00:00:00+05:30,32360.25,32360.25,32360.25,32360.25,0,0
2024-03-01 00:00:00+05:30,32884.29,32884.29,32884.29,32884.29,0,0
2024-03-02 00:00:00+05:30,32942.63,32942.63,32942.63,32942.63,0,0
2024-03-04 00:00:00+05:30,32982.68,32982.68,32982.68,32982.68,0,0
2024-03-05 00:00:00+05:30,32910.07,32910.07,32910.07,32910.07,0,0
2024-03-06 00:00:00+05:30,33083.42,33083.42,33083.42,33083.42,0,0
2024-03-07 00:00:00+05:30,33112.15,33112.15,33112.15,33112.15,0,0
2024-03-11 00:00:00+05:30,32875.25,32875.25,32875.25,32875.25,0,0
2024-03-12 00:00:00+05:30,32879.74,32879.74,32879.74,32879.74,0,0
2024-03-13 00:00:00+05:30,32382.22,32382.22,32382.22,32382.22,0,0
2024-03-14 00:00:00+05:30,32601.49,32601.49,32601.49,32601.49,0,0
2024-03-15 00:00:00+05:30,32420.41,32420.41,32420.41,32420.41,0,0
2024-03-18 00:00:00+05:30,32468.0,32468.0,32468.0,32468.0,0,0
2024-03-19 00:00:00+05:30,32117.3,32117.3,32117.3,32117.3,0,0
2024-03-20 00:00:00+05:30,32149.17,32149.17,32149.17,32149.17,0,0
2024-03-21 00:00:00+05:30,32403.6,32403.6,32403.6,32403.6,0,0
2024-03-22 00:00:00+05:30,32528.43,32528.43,32528.43,32528.43,0,0
2024-03-26 00:00:00+05:30,32392.94,32392.94,32392.94,32392.94,0,0
2024-03-27 00:00:00+05:30,32568.01,32568.01,32568.01,32568.01,0,0
2024-03-28 00:00:00+05:30,32867.23,32867.23,32867.23,32867.23,0,0
2024-04-01 00:00:00+05:30,33066.13,33066.13,33066.13,33066.13,0,0
2024-04-02 00:00:00+05:30,33053.33,33053.33,33053.33,33053.33,0,0
2024-04-03 00:00:00+05:30,33025.82,33025.82,33025.82,33025.82,0,0
2024-04-04 00:00:00+05:30,33143.59,33143.59,33143.59,33143.59,0,0
2024-04-05 00:00:00+05:30,33142.19,33142.19,33142.19,33142.19,0,0
2024-04-08 00:00:00+05:30,33366.87,33366.87,33366.87,33366.87,0,0
2024-04-09 00:00:00+05:30,33332.19,33332.19,33332.19,33332.19,0,0
2024-04-10 00:00:00+05:30,33495.65,33495.65,33495.65,33495.65,0,0
2024-04-12 00:00:00+05:30,33150.59,33150.59,33150.59,33150.59,0,0
2024-04-15 00:00:00+05:30,32787.15,32787.15,32787.15,32787.15,0,0
2024-04-16 00:00:00+05:30,32603.74,32603.74,32603.74,32603.74,0,0
2024-04-18 00:00:00+05:30,32379.9,32379.9,32379.9,32379.9,0,0
2024-04-19 00:00:00+05:30,32602.42,32602.42,32602.42,32602.42,0,0
2024-04-22 00:00:00+05:30,32881.22,32881.22,32881.22,32881.22,0,0
2024-04-23 00:00:00+05:30,32927.73,32927.73,32927.73,32927.73,0,0
2024-04-24 00:00:00+05:30,32978.37,32978.37,32978.37,32978.37,0,0
2024-04-25 00:00:00+05:30,33225.64,33225.64,33225.64,33225.64,0,0
2024-04-26 00:00:00+05:30,33004.19,33004.19,33004.19,33004.19,0,0
2024-04-29 00:00:00+05:30,33333.12,33333.12,33333.12,33333.12,0,0
2024-04-30 00:00:00+05:30,33276.41,33276.41,33276.41,33276.41,0,0
2024-05-02 00:00:00+05:30,33340.2,33340.2,33340.2,33340.2,0,0
2024-05-03 00:00:00+05:30,33086.51,33086.51,33086.51,33086.51,0,0
2024-05-06 00:00:00+05:30,33037.73,33037.73,33037.73,33037.73,0,0
2024-05-07 00:00:00+05:30,32837.71,32837.71,32837.71,32837.71,0,0
2024-05-08 00:00:00+05:30,32837.65,32837.65,32837.65,32837.65,0,0
2024-05-09 00:00:00+05:30,32329.72,32329.72,32329.72,32329.72,0,0
2024-05-10 00:00:00+05:30,32522.55,32522.55,32522.55,32522.55,0,0
2024-05-13 00:00:00+05:30,32594.61,32594.61,32594.61,32594.61,0,0
2024-05-14 00:00:00+05:30,32762.37,32762.37,32762.37,32762.37,0,0
2024-05-15 00:00:00+05:30,32736.91,32736.91,32736.91,32736.91,0,0
2024-05-16 00:00:00+05:30,33046.16,33046.16,33046.16,33046.16,0,0
2024-05-17 00:00:00+05:30,33138.02,33138.02,33138.02,33138.02,0,0
2024-05-18 00:00:00+05:30,33190.97,33190.97,33190.97,33190.97,0,0
2024-05-21 00:00:00+05:30,33230.84,33230.84,33230.84,33230.84,0,0
2024-05-22 00:00:00+05:30,33349.84,33349.84,33349.84,33349.84,0,0
2024-05-23 00:00:00+05:30,33895.66,33895.66,33895.66,33895.66,0,0
2024-05-24 00:00:00+05:30,33881.75,33881.75,33881.75,33881.75,0,0
2024-05-27 00:00:00+05:30,33845.39,33845.39,33845.39,33845.39,0,0
2024-05-28 00:00:00+05:30,33780.01,33780.01,33780.01,33780.01,0,0
2024-05-29 00:00:00+05:30,33509.23,33509.23,33509.23,33509.23,0,0
2024-05-30 00:00:00+05:30,33190.35,33190.35,33190.35,33190.35,0,0
2024-05-31 00:00:00+05:30,33285.9,33285.9,33285.9,33285.9,0,0
2024-06-03 00:00:00+05:30,34369.13,34369.13,34369.13,34369.13,0,0
2024-06-04 00:00:00+05:30,32353.5,32353.5,32353.5,32353.5,0,0
2024-06-05 00:00:00+05:30,33441.4,33441.4,33441.4,33441.4,0,0
2024-06-06 00:00:00+05:30,33738.58,33738.58,33738.58,33738.58,0,0
2024-06-07 00:00:00+05:30,34431.61,34431.61,34431.61,34431.61,0,0
2024-06-10 00:00:00+05:30,34385.84,34385.84,34385.84,34385.84,0,0
2024-06-11 00:00:00+05:30,34402.0,34402.0,34402.0,34402.0,0,0
2024-06-12 00:00:00+05:30,34487.88,34487.88,34487.88,34487.88,0,0
2024-06-13 00:00:00+05:30,34600.19,34600.19,34600.19,34600.19,0,0
2024-06-14 00:00:00+05:30,34710.67,34710.67,34710.67,34710.67,0,0
2024-06-18 00:00:00+05:30,34847.24,34847.24,34847.24,34847.24,0,0
2024-06-19 00:00:00+05:30,34786.58,34786.58,34786.58,34786.58,0,0
2024-06-20 00:00:00+05:30,34873.15,34873.15,34873.15,34873.15,0,0
2024-06-21 00:00:00+05:30,34779.9,34779.9,34779.9,34779.9,0,0
2024-06-24 00:00:00+05:30,34834.33,34834.33,34834.33,34834.33,0,0
2024-06-25 00:00:00+05:30,35105.79,35105.79,35105.79,35105.79,0,0
2024-06-26 00:00:00+05:30,35324.11,35324.11,35324.11,35324.11,0,0
2024-06-27 00:00:00+05:30,35585.62,35585.62,35585.62,35585.62,0,0
2024-06-28 00:00:00+05:30,35539.16,35539.16,35539.16,35539.16,0,0
2024-07-01 00:00:00+05:30,35733.58,35733.58,35733.58,35733.58,0,0
2024-07-02 00:00:00+05:30,35706.77,35706.77,35706.77,35706.77,0,0
2024-07-03 00:00:00+05:30,35947.53,35947.53,35947.53,35947.53,0,0
2024-07-04 00:00:00+05:30,35970.64,35970.64,35970.64,35970.64,0,0
2024-07-05 00:00:00+05:30,36009.61,36009.61,36009.61,36009.61,0,0
2024-07-08 00:00:00+05:30,36004.74,36004.74,36004.74,36004.74,0,0
2024-07-09 00:00:00+05:30,36173.87,36173.87,36173.87,36173.87,0,0
2024-07-10 00:00:00+05:30,36012.82,36012.82,36012.82,36012.82,0,0
2024-07-11 00:00:00+05:30,36000.25,36000.25,36000.25,36000.25,0,0
2024-07-12 00:00:00+05:30,36278.67,36278.67,36278.67,36278.67,0,0
2024-07-15 00:00:00+05:30,36403.86,36403.86,36403.86,36403.86,0,0
2024-07-16 00:00:00+05:30,36445.79,36445.79,36445.79,36445.79,0,0
2024-07-18 00:00:00+05:30,36723.93,36723.93,36723.93,36723.93,0,0
2024-07-19 00:00:00+05:30,36328.6,36328.6,36328.6,36328.6,0,0
2024-07-22 00:00:00+05:30,36296.55,36296.55,36296.55,36296.55,0,0
2024-07-23 00:00:00+05:30,36257.51,36257.51,36257.51,36257.51,0,0
2024-07-24 00:00:00+05:30,36160.36,36160.36,36160.36,36160.36,0,0
2024-07-25 00:00:00+05:30,36149.4,36149.4,36149.4,36149.4,0,0
2024-07-26 00:00:00+05:30,36784.48,36784.48,36784.48,36784.48,0,0
2024-07-29 00:00:00+05:30,36786.3,36786.3,36786.3,36786.3,0,0
2024-07-30 00:00:00+05:30,36820.47,36820.47,36820.47,36820.47,0,0
2024-07-31 00:00:00+05:30,36959.48,36959.48,36959.48,36959.48,0,0
2024-08-01 00:00:00+05:30,37049.7,37049.7,37049.7,37049.7,0,0
2024-08-02 00:00:00+05:30,36624.49,36624.49,36624.49,36624.49,0,0
2024-08-05 00:00:00+05:30,35646.37,35646.37,35646.37,35646.37,0,0
2024-08-06 00:00:00+05:30,35554.15,35554.15,35554.15,35554.15,0,0
2024-08-07 00:00:00+05:30,36020.75,36020.75,36020.75,36020.75,0,0
2024-08-08 00:00:00+05:30,35753.12,35753.12,35753.12,35753.12,0,0
2024-08-09 00:00:00+05:30,36126.23,36126.23,36126.23,36126.23,0,0
2024-08-12 00:00:00+05:30,36119.45,36119.45,36119.45,36119.45,0,0
2024-08-13 00:00:00+05:30,35810.83,35810.83,35810.83,35810.83,0,0
2024-08-14 00:00:00+05:30,35817.89,35817.89,35817.89,35817.89,0,0
2024-08-16 00:00:00+05:30,36415.85,36415.85,36415.85,36415.85,0,0
2024-08-19 00:00:00+05:30,36473.95,36473.95,36473.95,36473.95,0,0
2024-08-20 00:00:00+05:30,36661.24,36661.24,36661.24,36661.24,0,0
2024-08-21 00:00:00+05:30,36767.19,36767.19,36767.19,36767.19,0,0
2024-08-22 00:00:00+05:30,36828.5,36828.5,36828.5,36828.5,0,0
2024-08-23 00:00:00+05:30,36849.02,36849.02,36849.02,36849.02,0,0
2024-08-26 00:00:00+05:30,37127.3,37127.3,37127.3,37127.3,0,0
2024-08-27 00:00:00+05:30,37137.91,37137.91,37137.91,37137.91,0,0
2024-08-28 00:00:00+05:30,37189.27,37189.27,37189.27,37189.27,0,0
2024-08-29 00:00:00+05:30,37337.09,37337.09,37337.09,37337.09,0,0
2024-08-30 00:00:00+05:30,37461.73,37461.73,37461.73,37461.73,0,0
2024-09-02 00:00:00+05:30,37525.28,37525.28,37525.28,37525.28,0,0
2024-09-03 00:00:00+05:30,37526.97,37526.97,37526.97,37526.97,0,0
2024-09-04 00:00:00+05:30,37406.55,37406.55,37406.55,37406.55,0,0
2024-09-05 00:00:00+05:30,37326.99,37326.99,37326.99,37326.99,0,0
2024-09-06 00:00:00+05:30,36892.07,36892.07,36892.07,36892.07,0,0
2024-09-09 00:00:00+05:30,37017.15,37017.15,37017.15,37017.15,0,0
2024-09-10 00:00:00+05:30,37172.57,37172.57,37172.57,37172.57,0,0
2024-09-11 00:00:00+05:30,36990.52,36990.52,36990.52,36990.52,0,0
2024-09-12 00:00:00+05:30,37688.9,37688.9,37688.9,37688.9,0,0
2024-09-13 00:00:00+05:30,37640.8,37640.8,37640.8,37640.8,0,0
2024-09-16 00:00:00+05:30,37681.24,37681.24,37681.24,37681.24,0,0
2024-09-17 00:00:00+05:30,37732.87,37732.87,37732.87,37732.87,0,0
2024-09-18 00:00:00+05:30,37672.03,37672.03,37672.03,37672.03,0,0
2024-09-19 00:00:00+05:30,37728.83,37728.83,37728.83,37728.83,0,0
2024-09-20 00:00:00+05:30,38285.67,38285.67,38285.67,38285.67,0,0
2024-09-23 00:00:00+05:30,38505.51,38505.51,38505.51,38505.51,0,0
2024-09-24 00:00:00+05:30,38507.55,38507.55,38507.55,38507.55,0,0
2024-09-25 00:00:00+05:30,38602.21,38602.21,38602.21,38602.21,0,0
2024-09-26 00:00:00+05:30,38916.76,38916.76,38916.76,38916.76,0,0
2024-09-27 00:00:00+05:30,38861.64,38861.64,38861.64,38861.64,0,0
2024-09-30 00:00:00+05:30,38315.21,38315.21,38315.21,38315.21,0,0
2024-10-01 00:00:00+05:30,38294.54,38294.54,38294.54,38294.54,0,0
2024-10-03 00:00:00+05:30,37482.84,37482.84,37482.84,37482.84,0,0
2024-10-04 00:00:00+05:30,37133.25,37133.25,37133.25,37133.25,0,0
2024-10-07 00:00:00+05:30,36808.37,36808.37,36808.37,36808.37,0,0
2024-10-08 00:00:00+05:30,37131.07,37131.07,37131.07,37131.07,0,0
2024-10-09 00:00:00+05:30,37084.75,37084.75,37084.75,37084.75,0,0
2024-10-10 00:00:00+05:30,37109.26,37109.26,37109.26,37109.26,0,0
2024-10-11 00:00:00+05:30,37058.49,37058.49,37058.49,37058.49,0,0
2024-10-14 00:00:00+05:30,37301.5,37301.5,37301.5,37301.5,0,0
2024-10-15 00:00:00+05:30,37196.69,37196.69,37196.69,37196.69,0,0
2024-10-16 00:00:00+05:30,37068.99,37068.99,37068.99,37068.99,0,0
2024-10-17 00:00:00+05:30,36740.25,36740.25,36740.25,36740.25,0,0
2024-10-18 00:00:00+05:30,36898.25,36898.25,36898.25,36898.25,0,0
2024-10-21 00:00:00+05:30,36789.95,36789.95,36789.95,36789.95,0,0
2024-10-22 00:00:00+05:30,36335.46,36335.46,36335.46,36335.46,0,0
2024-10-23 00:00:00+05:30,36281.1,36281.1,36281.1,36281.1,0,0
2024-10-24 00:00:00+05:30,36227.52,36227.52,36227.52,36227.52,0,0
2024-10-25 00:00:00+05:30,35902.92,35902.92,35902.92,35902.92,0,0
2024-10-28 00:00:00+05:30,36138.03,36138.03,36138.03,36138.03,0,0
2024-10-29 00:00:00+05:30,36352.63,36352.63,36352.63,36352.63,0,0
2024-10-30 00:00:00+05:30,36165.43,36165.43,36165.43,36165.43,0,0
2024-10-31 00:00:00+05:30,35971.14,35971.14,35971.14,35971.14,0,0
2024-11-01 00:00:00+05:30,36118.25,36118.25,36118.25,36118.25,0,0
2024-11-04 00:00:00+05:30,35659.07,35659.07,35659.07,35659.07,0,0
2024-11-05 00:00:00+05:30,35982.96,35982.96,35982.96,35982.96,0,0
2024-11-06 00:00:00+05:30,36393.85,36393.85,36393.85,36393.85,0,0
2024-11-07 00:00:00+05:30,35972.74,35972.74,35972.74,35972.74,0,0
2024-11-08 00:00:00+05:30,35896.71,35896.71,35896.71,35896.71,0,0
2024-11-11 00:00:00+05:30,35886.42,35886.42,35886.42,35886.42,0,0
2024-11-12 00:00:00+05:30,35503.11,35503.11,35503.11,35503.11,0,0
2024-11-13 00:00:00+05:30,35020.93,35020.93,35020.93,35020.93,0,0
2024-11-14 00:00:00+05:30,34988.48,34988.48,34988.48,34988.48,0,0
2024-11-18 00:00:00+05:30,34871.21,34871.21,34871.21,34871.21,0,0
2024-11-19 00:00:00+05:30,34968.0,34968.0,34968.0,34968.0,0,0
2024-11-21 00:00:00+05:30,34717.32,34717.32,34717.32,34717.32,0,0
2024-11-22 00:00:00+05:30,35546.01,35546.01,35546.01,35546.01,0,0
2024-11-25 00:00:00+05:30,36013.85,36013.85,36013.85,36013.85,0,0
2024-11-26 00:00:00+05:30,35973.11,35973.11,35973.11,35973.11,0,0
2024-11-27 00:00:00+05:30,36092.65,36092.65,36092.65,36092.65,0,0
2024-11-28 00:00:00+05:30,35556.27,35556.27,35556.27,35556.27,0,0
2024-11-29 00:00:00+05:30,35878.82,35878.82,35878.82,35878.82,0,0
2024-12-02 00:00:00+05:30,36094.39,36094.39,36094.39,36094.39,0,0
2024-12-03 00:00:00+05:30,36363.63,36363.63,36363.63,36363.63,0,0
2024-12-04 00:00:00+05:30,36378.91,36378.91,36378.91,36378.91,0,0
2024-12-05 00:00:00+05:30,36737.18,36737.18,36737.18,36737.18,0,0
2024-12-06 00:00:00+05:30,36691.68,36691.68,36691.68,36691.68,0,0
2024-12-09 00:00:00+05:30,36604.29,36604.29,36604.29,36604.29,0,0
2024-12-10 00:00:00+05:30,36590.98,36590.98,36590.98,36590.98,0,0
2024-12-11 00:00:00+05:30,36638.14,36638.14,36638.14,36638.14,0,0
2024-12-12 00:00:00+05:30,36499.75,36499.75,36499.75,36499.75,0,0
2024-12-13 00:00:00+05:30,36826.27,36826.27,36826.27,36826.27,0,0
2024-12-16 00:00:00+05:30,36677.48,36677.48,36677.48,36677.48,0,0
2024-12-17 00:00:00+05:30,36183.53,36183.53,36183.53,36183.53,0,0
2024-12-18 00:00:00+05:30,35979.58,35979.58,35979.58,35979.58,0,0
2024-12-19 00:00:00+05:30,35612.11,35612.11,35612.11,35612.11,0,0
2024-12-20 00:00:00+05:30,35070.59,35070.59,35070.59,35070.59,0,0
2024-12-23 00:00:00+05:30,35317.36,35317.36,35317.36,35317.36,0,0
2024-12-24 00:00:00+05:30,35278.97,35278.97,35278.97,35278.97,0,0
2024-12-26 00:00:00+05:30,35312.5,35312.5,35312.5,35312.5,0,0
2024-12-27 00:00:00+05:30,35406.5,35406.5,35406.5,35406.5,0,0
2024-12-30 00:00:00+05:30,35155.94,35155.94,35155.94,35155.94,0,0
2024-12-31 00:00:00+05:30,35155.77,35155.77,35155.77,35155.77,0,0
2025-01-01 00:00:00+05:30,35301.63,35301.63,35301.63,35301.63,0,0
2025-01-02 00:00:00+05:30,35964.43,35964.43,35964.43,35964.43,0,0
2025-01-03 00:00:00+05:30,35690.96,35690.96,35690.96,35690.96,0,0
2025-01-06 00:00:00+05:30,35113.04,35113.04,35113.04,35113.04,0,0
2025-01-07 00:00:00+05:30,35249.64,35249.64,35249.64,35249.64,0,0
2025-01-08 00:00:00+05:30,35221.43,35221.43,35221.43,35221.43,0,0
2025-01-09 00:00:00+05:30,34979.91,34979.91,34979.91,34979.91,0,0
2025-01-10 00:00:00+05:30,34838.66,34838.66,34838.66,34838.66,0,0
2025-01-13 00:00:00+05:30,34324.87,34324.87,34324.87,34324.87,0,0
2025-01-14 00:00:00+05:30,34458.87,34458.87,34458.87,34458.87,0,0
2025-01-15 00:00:00+05:30,34514.06,34514.06,34514.06,34514.06,0,0
2025-01-16 00:00:00+05:30,34660.67,34660.67,34660.67,34660.67,0,0
2025-01-17 00:00:00+05:30,34531.21,34531.21,34531.21,34531.21,0,0
2025-01-20 00:00:00+05:30,34741.89,34741.89,34741.89,34741.89,0,0
2025-01-21 00:00:00+05:30,34265.55,34265.55,34265.55,34265.55,0,0
2025-01-22 00:00:00+05:30,34460.03,34460.03,34460.03,34460.03,0,0
2025-01-23 00:00:00+05:30,34534.46,34534.46,34534.46,34534.46,0,0
2025-01-24 00:00:00+05:30,34366.04,34366.04,34366.04,34366.04,0,0
2025-01-27 00:00:00+05:30,33974.58,33974.58,33974.58,33974.58,0,0
2025-01-28 00:00:00+05:30,34165.22,34165.22,34165.22,34165.22,0,0
2025-01-29 00:00:00+05:30,34474.8,34474.8,34474.8,34474.8,0,0
2025-01-30 00:00:00+05:30,34603.4,34603.4,34603.4,34603.4,0,0
2025-01-31 00:00:00+05:30,34998.01,34998.01,34998.01,34998.01,0,0
2025-02-01 00:00:00+05:30,34958.89,34958.89,34958.89,34958.89,0,0
2025-02-03 00:00:00+05:30,34778.66,34778.66,34778.66,34778.66,0,0
2025-02-04 00:00:00+05:30,35341.64,35341.64,35341.64,35341.64,0,0
2025-02-05 00:00:00+05:30,35277.7,35277.7,35277.7,35277.7,0,0
2025-02-06 00:00:00+05:30,35143.08,35143.08,35143.08,35143.08,0,0
2025-02-07 00:00:00+05:30,35091.5,35091.5,35091.5,35091.5,0,0
2025-02-10 00:00:00+05:30,34825.87,34825.87,34825.87,34825.87,0,0
2025-02-11 00:00:00+05:30,34364.39,34364.39,34364.39,34364.39,0,0
2025-02-12 00:00:00+05:30,34344.93,34344.93,34344.93,34344.93,0,0
2025-02-13 00:00:00+05:30,34324.31,34324.31,34324.31,34324.31,0,0
2025-02-14 00:00:00+05:30,34172.38,34172.38,34172.38,34172.38,0,0
2025-02-17 00:00:00+05:30,34217.48,34217.48,34217.48,34217.48,0,0
2025-02-18 00:00:00+05:30,34196.32,34196.32,34196.32,34196.32,0,0
2025-02-19 00:00:00+05:30,34177.82,34177.82,34177.82,34177.82,0,0
2025-02-20 00:00:00+05:30,34148.36,34148.36,34148.36,34148.36,0,0
2025-02-21 00:00:00+05:30,33973.61,33973.61,33973.61,33973.61,0,0
2025-02-24 00:00:00+05:30,33612.18,33612.18,33612.18,33612.18,0,0
2025-02-25 00:00:00+05:30,33603.55,33603.55,33603.55,33603.55,0,0
2025-02-27 00:00:00+05:30,33599.79,33599.79,33599.79,33599.79,0,0
2025-02-28 00:00:00+05:30,32973.36,32973.36,32973.36,32973.36,0,0
2025-03-03 00:00:00+05:30,32965.25,32965.25,32965.25,32965.25,0,0
2025-03-04 00:00:00+05:30,32910.63,32910.63,32910.63,32910.63,0,0
2025-03-05 00:00:00+05:30,33290.2,33290.2,33290.2,33290.2,0,0
2025-03-06 00:00:00+05:30,33599.3,33599.3,33599.3,33599.3,0,0
2025-03-07 00:00:00+05:30,33611.3,33611.3,33611.3,33611.3,0,0
2025-03-10 00:00:00+05:30,33473.92,33473.92,33473.92,33473.92,0,0
2025-03-11 00:00:00+05:30,33531.68,33531.68,33531.68,33531.68,0,0
2025-03-12 00:00:00+05:30,33490.87,33490.87,33490.87,33490.87,0,0
2025-03-13 00:00:00+05:30,33381.62,33381.62,33381.62,33381.62,0,0
2025-03-17 00:00:00+05:30,33547.88,33547.88,33547.88,33547.88,0,0
2025-03-18 00:00:00+05:30,34033.06,34033.06,34033.06,34033.06,0,0
2025-03-19 00:00:00+05:30,34142.35,34142.35,34142.35,34142.35,0,0
2025-03-20 00:00:00+05:30,34564.18,34564.18,34564.18,34564.18,0,0
2025-03-21 00:00:00+05:30,34802.3,34802.3,34802.3,34802.3,0,0
2025-03-24 00:00:00+05:30,35261.27,35261.27,35261.27,35261.27,0,0
2025-03-25 00:00:00+05:30,35276.65,35276.65,35276.65,35276.65,0,0
2025-03-26 00:00:00+05:30,35005.67,35005.67,35005.67,35005.67,0,0
2025-03-27 00:00:00+05:30,35162.32,35162.32,35162.32,35162.32,0,0
2025-03-28 00:00:00+05:30,35054.08,35054.08,35054.08,35054.08,0,0
2025-04-01 00:00:00+05:30,34527.01,34527.01,34527.01,34527.01,0,0
2025-04-02 00:00:00+05:30,34775.4,34775.4,34775.4,34775.4,0,0
2025-04-03 00:00:00+05:30,34652.84,34652.84,34652.84,34652.84,0,0
2025-04-04 00:00:00+05:30,34137.61,34137.61,34137.61,34137.61,0,0
2025-04-07 00:00:00+05:30,33030.49,33030.49,33030.49,33030.49,0,0
2025-04-08 00:00:00+05:30,33588.28,33588.28,33588.28,33588.28,0,0
2025-04-09 00:00:00+05:30,33384.56,33384.56,33384.56,33384.56,0,0
2025-04-11 00:00:00+05:30,34024.5,34024.5,34024.5,34024.5,0,0
2025-04-15 00:00:00+05:30,34769.71,34769.71,34769.71,34769.71,0,0
2025-04-16 00:00:00+05:30,34931.66,34931.66,34931.66,34931.66,0,0
2025-04-17 00:00:00+05:30,35549.39,35549.39,35549.39,35549.39,0,0
2025-04-21 00:00:00+05:30,35957.62,35957.62,35957.62,35957.62,0,0
2025-04-22 00:00:00+05:30,36019.75,36019.75,36019.75,36019.75,0,0
2025-04-23 00:00:00+05:30,36260.74,36260.74,36260.74,36260.74,0,0
2025-04-24 00:00:00+05:30,36138.21,36138.21,36138.21,36138.21,0,0
2025-04-25 00:00:00+05:30,35829.16,35829.16,35829.16,35829.16,0,0
2025-04-28 00:00:00+05:30,36266.41,36266.41,36266.41,36266.41,0,0
2025-04-29 00:00:00+05:30,36277.48,36277.48,36277.48,36277.48,0,0
2025-04-30 00:00:00+05:30,36274.87,36274.87,36274.87,36274.87,0,0
2025-05-02 00:00:00+05:30,36293.51,36293.51,36293.51,36293.51,0,0
2025-05-05 00:00:00+05:30,36464.1,36464.1,36464.1,36464.1,0,0
2025-05-06 00:00:00+05:30,36342.6,36342.6,36342.6,36342.6,0,0
2025-05-07 00:00:00+05:30,36394.46,36394.46,36394.46,36394.46,0,0
2025-05-08 00:00:00+05:30,36184.82,36184.82,36184.82,36184.82,0,0
2025-05-09 00:00:00+05:30,35789.63,35789.63,35789.63,35789.63,0,0
2025-05-12 00:00:00+05:30,37156.25,37156.25,37156.25,37156.25,0,0
2025-05-13 00:00:00+05:30,36639.87,36639.87,36639.87,36639.87,0,0
2025-05-14 00:00:00+05:30,36771.94,36771.94,36771.94,36771.94,0,0
2025-05-15 00:00:00+05:30,37361.05,37361.05,37361.05,37361.05,0,0
2025-05-16 00:00:00+05:30,37318.13,37318.13,37318.13,37318.13,0,0
2025-05-19 00:00:00+05:30,37207.25,37207.25,37207.25,37207.25,0,0
2025-05-20 00:00:00+05:30,36817.14,36817.14,36817.14,36817.14,0,0
2025-05-21 00:00:00+05:30,37010.35,37010.35,37010.35,37010.35,0,0
2025-05-22 00:00:00+05:30,36706.44,36706.44,36706.44,36706.44,0,0
2025-05-23 00:00:00+05:30,37069.55,37069.55,37069.55,37069.55,0,0
2025-05-26 00:00:00+05:30,37290.3,37290.3,37290.3,37290.3,0,0
2025-05-27 00:00:00+05:30,37029.33,37029.33,37029.33,37029.33,0,0
2025-05-28 00:00:00+05:30,36943.42,36943.42,36943.42,36943.42,0,0
2025-05-29 00:00:00+05:30,37066.34,37066.34,37066.34,37066.34,0,0
2025-05-30 00:00:00+05:30,36972.5,36972.5,36972.5,36972.5,0,0
2025-06-02 00:00:00+05:30,36921.62,36921.62,36921.62,36921.62,0,0
2025-06-03 00:00:00+05:30,36674.69,36674.69,36674.69,36674.69,0,0
2025-06-04 00:00:00+05:30,36805.09,36805.09,36805.09,36805.09,0,0
2025-06-05 00:00:00+05:30,37000.49,37000.49,37000.49,37000.49,0,0
2025-06-06 00:00:00+05:30,37377.42,37377.42,37377.42,37377.42,0,0
2025-06-09 00:00:00+05:30,37527.12,37527.12,37527.12,37527.12,0,0
2025-06-10 00:00:00+05:30,37531.76,37531.76,37531.76,37531.76,0,0
2025-06-11 00:00:00+05:30,37587.31,37587.31,37587.31,37587.31,0,0
2025-06-12 00:00:00+05:30,37209.11,37209.11,37209.11,37209.11,0,0
2025-06-13 00:00:00+05:30,36957.38,36957.38,36957.38,36957.38,0,0
2025-06-16 00:00:00+05:30,37298.12,37298.12,37298.12,37298.12,0,0
2025-06-17 00:00:00+05:30,37158.95,37158.95,37158.95,37158.95,0,0
2025-06-18 00:00:00+05:30,37097.13,37097.13,37097.13,37097.13,0,0
2025-06-19 00:00:00+05:30,37069.02,37069.02,37069.02,37069.02,0,0
2025-06-20 00:00:00+05:30,37546.89,37546.89,37546.89,37546.89,0,0
2025-06-23 00:00:00+05:30,37343.91,37343.91,37343.91,37343.91,0,0
2025-06-24 00:00:00+05:30,37452.24,37452.24,37452.24,37452.24,0,0
2025-06-25 00:00:00+05:30,37751.94,37751.94,37751.94,37751.94,0,0
2025-06-26 00:00:00+05:30,38206.88,38206.88,38206.88,38206.88,0,0
2025-06-27 00:00:00+05:30,38398.23,38398.23,38398.23,38398.23,0,0
2025-06-30 00:00:00+05:30,38217.32,38217.32,38217.32,38217.32,0,0
2025-07-01 00:00:00+05:30,38254.39,38254.39,38254.39,38254.39,0,0
2025-07-02 00:00:00+05:30,38121.99,38121.99,38121.99,38121.99,0,0
2025-07-03 00:00:00+05:30,38049.97,38049.97,38049.97,38049.97,0,0
2025-07-04 00:00:00+05:30,38142.94,38142.94,38142.94,38142.94,0,0
2025-07-07 00:00:00+05:30,38145.33,38145.33,38145.33,38145.33,0,0
2025-07-08 00:00:00+05:30,38239.39,38239.39,38239.39,38239.39,0,0
2025-07-09 00:00:00+05:30,38169.85,38169.85,38169.85,38169.85,0,0
2025-07-10 00:00:00+05:30,37990.41,37990.41,37990.41,37990.41,0,0
2025-07-11 00:00:00+05:30,37684.07,37684.07,37684.07,37684.07,0,0
2025-07-14 00:00:00+05:30,37582.84,37582.84,37582.84,37582.84,0,0
2025-07-15 00:00:00+05:30,37752.92,37752.92,37752.92,37752.92,0,0
2025-07-16 00:00:00+05:30,37780.94,37780.94,37780.94,37780.94,0,0
2025-07-17 00:00:00+05:30,37630.21,37630.21,37630.21,37630.21,0,0
2025-07-18 00:00:00+05:30,37435.72,37435.72,37435.72,37435.72,0,0
2025-07-21 00:00:00+05:30,37619.09,37619.09,37619.09,37619.09,0,0
2025-07-22 00:00:00+05:30,37574.38,37574.38,37574.38,37574.38,0,0
2025-07-23 00:00:00+05:30,37812.76,37812.76,37812.76,37812.76,0,0
2025-07-24 00:00:00+05:30,37578.97,37578.97,37578.97,37578.97,0,0
2025-07-25 00:00:00+05:30,37257.14,37257.14,37257.14,37257.14,0,0
2025-07-28 00:00:00+05:30,37027.65,37027.65,37027.65,37027.65,0,0
2025-07-29 00:00:00+05:30,37238.03,37238.03,37238.03,37238.03,0,0
2025-07-30 00:00:00+05:30,37288.94,37288.94,37288.94,37288.94,0,0
2025-07-31 00:00:00+05:30,37158.88,37158.88,37158.88,37158.88,0,0
2025-08-01 00:00:00+05:30,36863.4,36863.4,36863.4,36863.4,0,0
2025-08-04 00:00:00+05:30,37099.55,37099.55,37099.55,37099.55,0,0
2025-08-05 00:00:00+05:30,36989.75,36989.75,36989.75,36989.75,0,0
2025-08-06 00:00:00+05:30,36880.81,36880.81,36880.81,36880.81,0,0
2025-08-07 00:00:00+05:30,36913.76,36913.76,36913.76,36913.76,0,0
2025-08-08 00:00:00+05:30,36566.63,36566.63,36566.63,36566.63,0,0
2025-08-11 00:00:00+05:30,36900.03,36900.03,36900.03,36900.03,0,0
2025-08-12 00:00:00+05:30,36780.73,36780.73,36780.73,36780.73,0,0
2025-08-13 00:00:00+05:30,36978.89,36978.89,36978.89,36978.89,0,0
2025-08-14 00:00:00+05:30,37010.27,37010.27,37010.27,37010.27,0,0
2025-08-18 00:00:00+05:30,37379.38,37379.38,37379.38,37379.38,0,0
2025-08-19 00:00:00+05:30,37537.42,37537.42,37537.42,37537.42,0,0
2025-08-20 00:00:00+05:30,37642.41,37642.41,37642.41,37642.41,0,0
2025-08-21 00:00:00+05:30,37696.23,37696.23,37696.23,37696.23,0,0
2025-08-22 00:00:00+05:30,37375.09,37375.09,37375.09,37375.09,0,0
2025-08-25 00:00:00+05:30,37521.9,37521.9,37521.9,37521.9,0,0
2025-08-26 00:00:00+05:30,37137.57,37137.57,37137.57,37137.57,0,0
2025-08-28 00:00:00+05:30,36820.25,36820.25,36820.25,36820.25,0,0
2025-08-29 00:00:00+05:30,36709.0,36709.0,36709.0,36709.0,0,0
2025-09-01 00:00:00+05:30,37006.87,37006.87,37006.87,37006.87,0,0
2025-09-02 00:00:00+05:30,36938.57,36938.57,36938.57,36938.57,0,0
2025-09-03 00:00:00+05:30,37142.11,37142.11,37142.11,37142.11,0,0
2025-09-04 00:00:00+05:30,37177.94,37177.94,37177.94,37177.94,0,0
2025-09-05 00:00:00+05:30,37188.02,37188.02,37188.02,37188.02,0,0
2025-09-08 00:00:00+05:30,37236.28,37236.28,37236.28,37236.28,0,0
2025-09-09 00:00:00+05:30,37379.78,37379.78,37379.78,37379.78,0,0
2025-09-10 00:00:00+05:30,37536.88,37536.88,37536.88,37536.88,0,0
2025-09-11 00:00:00+05:30,37585.52,37585.52,37585.52,37585.52,0,0
2025-09-12 00:00:00+05:30,37748.61,37748.61,37748.61,37748.61,0,0
2025-09-15 00:00:00+05:30,37681.33,37681.33,37681.33,37681.33,0,0
2025-09-16 00:00:00+05:30,37936.66,37936.66,37936.66,37936.66,0,0
2025-09-17 00:00:00+05:30,38073.65,38073.65,38073.65,38073.65,0,0
2025-09-18 00:00:00+05:30,38213.97,38213.97,38213.97,38213.97,0,0
2025-09-19 00:00:00+05:30,38068.84,38068.84,38068.84,38068.84,0,0
2025-09-22 00:00:00+05:30,37881.41,37881.41,37881.41,37881.41,0,0
2025-09-23 00:00:00+05:30,37832.09,37832.09,37832.09,37832.09,0,0
2025-09-24 00:00:00+05:30,37662.84,37662.84,37662.84,37662.84,0,0
2025-09-25 00:00:00+05:30,37413.25,37413.25,37413.25,37413.25,0,0
2025-09-26 00:00:00+05:30,37058.3,37058.3,37058.3,37058.3,0,0
2025-09-29 00:00:00+05:30,37028.48,37028.48,37028.48,37028.48,0,0
2025-09-30 00:00:00+05:30,36992.7,36992.7,36992.7,36992.7,0,0
2025-10-01 00:00:00+05:30,37331.2,37331.2,37331.2,37331.2,0,0
2025-10-03 00:00:00+05:30,37418.3,37418.3,37418.3,37418.3,0,0
2025-10-06 00:00:00+05:30,37694.02,37694.02,37694.02,37694.02,0,0
2025-10-07 00:00:00+05:30,37740.1,37740.1,37740.1,37740.1,0,0
2025-10-08 00:00:00+05:30,37646.65,37646.65,37646.65,37646.65,0,0
2025-10-09 00:00:00+05:30,37850.52,37850.52,37850.52,37850.52,0,0
2025-10-10 00:00:00+05:30,38006.18,38006.18,38006.18,38006.18,0,0
2025-10-13 00:00:00+05:30,37918.98,37918.98,37918.98,37918.98,0,0
2025-10-14 00:00:00+05:30,37795.97,37795.97,37795.97,37795.97,0,0
2025-10-15 00:00:00+05:30,38067.31,38067.31,38067.31,38067.31,0,0
2025-10-16 00:00:00+05:30,38460.73,38460.73,38460.73,38460.73,0,0
2025-10-17 00:00:00+05:30,38652.19,38652.19,38652.19,38652.19,0,0
2025-10-20 00:00:00+05:30,38855.68,38855.68,38855.68,38855.68,0,0
2025-10-21 00:00:00+05:30,38893.95,38893.95,38893.95,38893.95,0,0
2025-10-23 00:00:00+05:30,38928.23,38928.23,38928.23,38928.23,0,0
2025-10-24 00:00:00+05:30,38783.54,38783.54,38783.54,38783.54,0,0
2025-10-27 00:00:00+05:30,39067.59,39067.59,39067.59,39067.59,0,0
2025-10-28 00:00:00+05:30,39022.73,39022.73,39022.73,39022.73,0,0
2025-10-29 00:00:00+05:30,39199.8,39199.8,39199.8,39199.8,0,0
2025-10-30 00:00:00+05:30,38934.92,38934.92,38934.92,38934.92,0,0
2025-10-31 00:00:00+05:30,38700.6,38700.6,38700.6,38700.6,0,0
2025-11-03 00:00:00+05:30,38762.65,38762.65,38762.65,38762.65,0,0
2025-11-04 00:00:00+05:30,38513.37,38513.37,38513.37,38513.37,0,0
2025-11-06 00:00:00+05:30,38381.02,38381.02,38381.02,38381.02,0,0
2025-11-07 00:00:00+05:30,38366.88,38366.88,38366.88,38366.88,0,0
2025-11-10 00:00:00+05:30,38497.01,38497.01,38497.01,38497.01,0,0
2025-11-11 00:00:00+05:30,38678.54,38678.54,38678.54,38678.54,0,0
2025-11-12 00:00:00+05:30,38950.78,38950.78,38950.78,38950.78,0,0
2025-11-13 00:00:00+05:30,38955.83,38955.83,38955.83,38955.83,0,0
2025-11-14 00:00:00+05:30,39002.37,39002.37,39002.37,39002.37,0,0
2025-11-17 00:00:00+05:30,39157.99,39157.99,39157.99,39157.99,0,0
2025-11-18 00:00:00+05:30,39003.01,39003.01,39003.01,39003.01,0,0
2025-11-19 00:00:00+05:30,39217.69,39217.69,39217.69,39217.69,0,0
2025-11-20 00:00:00+05:30,39427.65,39427.65,39427.65,39427.65,0,0
2025-11-21 00:00:00+05:30,39241.0,39241.0,39241.0,39241.0,0,0
2025-11-24 00:00:00+05:30,39077.5,39077.5,39077.5,39077.5,0,0
2025-11-25 00:00:00+05:30,38965.0,38965.0,38965.0,38965.0,0,0
2025-11-26 00:00:00+05:30,39447.49,39447.49,39447.49,39447.49,0,0
2025-11-27 00:00:00+05:30,39462.93,39462.93,39462.93,39462.93,0,0
2025-11-28 00:00:00+05:30,39443.91,39443.91,39443.91,39443.91,0,0
2025-12-01 00:00:00+05:30,39403.02,39403.02,39403.02,39403.02,0,0
2025-12-02 00:00:00+05:30,39186.92,39186.92,39186.92,39186.92,0,0
2025-12-03 00:00:00+05:30,39117.33,39117.33,39117.33,39117.33,0,0
2025-12-04 00:00:00+05:30,39189.27,39189.27,39189.27,39189.27,0,0
2025-12-05 00:00:00+05:30,39419.07,39419.07,39419.07,39419.07,0,0
2025-12-08 00:00:00+05:30,39079.02,39079.02,39079.02,39079.02,0,0
2025-12-09 00:00:00+05:30,38897.02,38897.02,38897.02,38897.02,0,0
2025-12-10 00:00:00+05:30,38774.13,38774.13,38774.13,38774.13,0,0
2025-12-11 00:00:00+05:30,38985.75,38985.75,38985.75,38985.75,0,0
2025-12-12 00:00:00+05:30,39209.12,39209.12,39209.12,39209.12,0,0
2025-12-15 00:00:00+05:30,39179.54,39179.54,39179.54,39179.54,0,0
2025-12-16 00:00:00+05:30,38927.87,38927.87,38927.87,38927.87,0,0
2025-12-17 00:00:00+05:30,38865.29,38865.29,38865.29,38865.29,0,0
2025-12-18 00:00:00+05:30,38860.78,38860.78,38860.78,38860.78,0,0
2025-12-19 00:00:00+05:30,39087.88,39087.88,39087.88,39087.88,0,0
2025-12-22 00:00:00+05:30,39397.94,39397.94,39397.94,39397.94,0,0
2025-12-23 00:00:00+05:30,39405.1,39405.1,39405.1,39405.1,0,0
2025-12-24 00:00:00+05:30,39352.35,39352.35,39352.35,39352.35,0,0
2025-12-26 00:00:00+05:30,39202.11,39202.11,39202.11,39202.11,0,0
2025-12-29 00:00:00+05:30,39051.24,39051.24,39051.24,39051.24,0,0
2025-12-30 00:00:00+05:30,39046.4,39046.4,39046.4,39046.4,0,0
2025-12-31 00:00:00+05:30,39333.55,39333.55,39333.55,39333.55,0,0
